date,hour,node,demand_mw
2026-08-13,0,서화성,14901.6
2026-08-13,0,안중,14901.6
2026-08-13,1,서화성,14190.6
2026-08-13,1,안중,14190.6
2026-08-13,2,서화성,13676
2026-08-13,2,안중,13676
2026-08-13,3,서화성,13372.2
2026-08-13,3,안중,13372.2
2026-08-13,4,서화성,13209.8
2026-08-13,4,안중,13209.8
2026-08-13,5,서화성,13262.6
2026-08-13,5,안중,13262.6
2026-08-13,6,서화성,13583
2026-08-13,6,안중,13583
2026-08-13,7,서화성,14395.2
2026-08-13,7,안중,14395.2
2026-08-13,8,서화성,15717.2
2026-08-13,8,안중,15717.2
2026-08-13,9,서화성,17227.4
2026-08-13,9,안중,17227.4
2026-08-13,10,서화성,17399.2
2026-08-13,10,안중,17399.2
2026-08-13,11,서화성,16964.4
2026-08-13,11,안중,16964.4
2026-08-13,12,서화성,16338
2026-08-13,12,안중,16338
2026-08-13,13,서화성,15505
2026-08-13,13,안중,15505
2026-08-13,14,서화성,16018.4
2026-08-13,14,안중,16018.4
2026-08-13,15,서화성,16171.8
2026-08-13,15,안중,16171.8
2026-08-13,16,서화성,16357.6
2026-08-13,16,안중,16357.6
2026-08-13,17,서화성,16851
2026-08-13,17,안중,16851
2026-08-13,18,서화성,17047.2
2026-08-13,18,안중,17047.2
2026-08-13,19,서화성,16954
2026-08-13,19,안중,16954
2026-08-13,20,서화성,16648.6
2026-08-13,20,안중,16648.6
2026-08-13,21,서화성,16011.4
2026-08-13,21,안중,16011.4
2026-08-13,22,서화성,15405.6
2026-08-13,22,안중,15405.6
2026-08-13,23,서화성,15257
2026-08-13,23,안중,15257
2026-08-14,0,서화성,14534.8
2026-08-14,0,안중,14534.8
2026-08-14,1,서화성,13545.4
2026-08-14,1,안중,13545.4
2026-08-14,2,서화성,12956.4
2026-08-14,2,안중,12956.4
2026-08-14,3,서화성,12612.4
2026-08-14,3,안중,12612.4
2026-08-14,4,서화성,12401.8
2026-08-14,4,안중,12401.8
2026-08-14,5,서화성,12382.4
2026-08-14,5,안중,12382.4
2026-08-14,6,서화성,12634.6
2026-08-14,6,안중,12634.6
2026-08-14,7,서화성,13342.6
2026-08-14,7,안중,13342.6
2026-08-14,8,서화성,14471.8
2026-08-14,8,안중,14471.8
2026-08-14,9,서화성,15923.6
2026-08-14,9,안중,15923.6
2026-08-14,10,서화성,16983.2
2026-08-14,10,안중,16983.2
2026-08-14,11,서화성,17409.2
2026-08-14,11,안중,17409.2
2026-08-14,12,서화성,17346
2026-08-14,12,안중,17346
2026-08-14,13,서화성,17039.2
2026-08-14,13,안중,17039.2
2026-08-14,14,서화성,17488.8
2026-08-14,14,안중,17488.8
2026-08-14,15,서화성,17560.2
2026-08-14,15,안중,17560.2
2026-08-14,16,서화성,17420.4
2026-08-14,16,안중,17420.4
2026-08-14,17,서화성,17490
2026-08-14,17,안중,17490
2026-08-14,18,서화성,17284.6
2026-08-14,18,안중,17284.6
2026-08-14,19,서화성,17258.2
2026-08-14,19,안중,17258.2
2026-08-14,20,서화성,17166.6
2026-08-14,20,안중,17166.6
2026-08-14,21,서화성,16617.2
2026-08-14,21,안중,16617.2
2026-08-14,22,서화성,15813.4
2026-08-14,22,안중,15813.4
2026-08-14,23,서화성,15148
2026-08-14,23,안중,15148
2026-08-15,0,서화성,14618.6
2026-08-15,0,안중,14618.6
2026-08-15,1,서화성,13573.2
2026-08-15,1,안중,13573.2
2026-08-15,2,서화성,12978.6
2026-08-15,2,안중,12978.6
2026-08-15,3,서화성,12589.2
2026-08-15,3,안중,12589.2
2026-08-15,4,서화성,12350.4
2026-08-15,4,안중,12350.4
2026-08-15,5,서화성,12279.2
2026-08-15,5,안중,12279.2
2026-08-15,6,서화성,12452.8
2026-08-15,6,안중,12452.8
2026-08-15,7,서화성,13107
2026-08-15,7,안중,13107
2026-08-15,8,서화성,14135.2
2026-08-15,8,안중,14135.2
2026-08-15,9,서화성,15437.4
2026-08-15,9,안중,15437.4
2026-08-15,10,서화성,16151
2026-08-15,10,안중,16151
2026-08-15,11,서화성,16418.4
2026-08-15,11,안중,16418.4
2026-08-15,12,서화성,16445.2
2026-08-15,12,안중,16445.2
2026-08-15,13,서화성,16298.8
2026-08-15,13,안중,16298.8
2026-08-15,14,서화성,16860.8
2026-08-15,14,안중,16860.8
2026-08-15,15,서화성,17314.2
2026-08-15,15,안중,17314.2
2026-08-15,16,서화성,17671.4
2026-08-15,16,안중,17671.4
2026-08-15,17,서화성,18095.4
2026-08-15,17,안중,18095.4
2026-08-15,18,서화성,18229.2
2026-08-15,18,안중,18229.2
2026-08-15,19,서화성,18359.8
2026-08-15,19,안중,18359.8
2026-08-15,20,서화성,18267
2026-08-15,20,안중,18267
2026-08-15,21,서화성,17711.2
2026-08-15,21,안중,17711.2
2026-08-15,22,서화성,16795.4
2026-08-15,22,안중,16795.4
2026-08-15,23,서화성,15958
2026-08-15,23,안중,15958
2026-08-16,0,서화성,15172.6
2026-08-16,0,안중,15172.6
2026-08-16,1,서화성,14113
2026-08-16,1,안중,14113
2026-08-16,2,서화성,13469.2
2026-08-16,2,안중,13469.2
2026-08-16,3,서화성,13103
2026-08-16,3,안중,13103
2026-08-16,4,서화성,12824.2
2026-08-16,4,안중,12824.2
2026-08-16,5,서화성,12775.6
2026-08-16,5,안중,12775.6
2026-08-16,6,서화성,12994.4
2026-08-16,6,안중,12994.4
2026-08-16,7,서화성,13713.6
2026-08-16,7,안중,13713.6
2026-08-16,8,서화성,14986.6
2026-08-16,8,안중,14986.6
2026-08-16,9,서화성,16643
2026-08-16,9,안중,16643
2026-08-16,10,서화성,17802.2
2026-08-16,10,안중,17802.2
2026-08-16,11,서화성,18229.2
2026-08-16,11,안중,18229.2
2026-08-16,12,서화성,17974.4
2026-08-16,12,안중,17974.4
2026-08-16,13,서화성,17652.6
2026-08-16,13,안중,17652.6
2026-08-16,14,서화성,18248
2026-08-16,14,안중,18248
2026-08-16,15,서화성,18490.6
2026-08-16,15,안중,18490.6
2026-08-16,16,서화성,18552.4
2026-08-16,16,안중,18552.4
2026-08-16,17,서화성,18644.8
2026-08-16,17,안중,18644.8
2026-08-16,18,서화성,18453.8
2026-08-16,18,안중,18453.8
2026-08-16,19,서화성,18341
2026-08-16,19,안중,18341
2026-08-16,20,서화성,18271.2
2026-08-16,20,안중,18271.2
2026-08-16,21,서화성,17517.8
2026-08-16,21,안중,17517.8
2026-08-16,22,서화성,16554.8
2026-08-16,22,안중,16554.8
2026-08-16,23,서화성,15788.6
2026-08-16,23,안중,15788.6
2026-08-17,0,서화성,13499
2026-08-17,0,안중,13499
2026-08-17,1,서화성,12678.8
2026-08-17,1,안중,12678.8
2026-08-17,2,서화성,12140.8
2026-08-17,2,안중,12140.8
2026-08-17,3,서화성,11786.8
2026-08-17,3,안중,11786.8
2026-08-17,4,서화성,11601.4
2026-08-17,4,안중,11601.4
2026-08-17,5,서화성,11621.8
2026-08-17,5,안중,11621.8
2026-08-17,6,서화성,11982.8
2026-08-17,6,안중,11982.8
2026-08-17,7,서화성,12842.4
2026-08-17,7,안중,12842.4
2026-08-17,8,서화성,14212.8
2026-08-17,8,안중,14212.8
2026-08-17,9,서화성,15915.8
2026-08-17,9,안중,15915.8
2026-08-17,10,서화성,16923.2
2026-08-17,10,안중,16923.2
2026-08-17,11,서화성,17268.6
2026-08-17,11,안중,17268.6
2026-08-17,12,서화성,17157.2
2026-08-17,12,안중,17157.2
2026-08-17,13,서화성,16931.2
2026-08-17,13,안중,16931.2
2026-08-17,14,서화성,17666.6
2026-08-17,14,안중,17666.6
2026-08-17,15,서화성,18088.6
2026-08-17,15,안중,18088.6
2026-08-17,16,서화성,18412.4
2026-08-17,16,안중,18412.4
2026-08-17,17,서화성,18942.2
2026-08-17,17,안중,18942.2
2026-08-17,18,서화성,19122.2
2026-08-17,18,안중,19122.2
2026-08-17,19,서화성,19068.8
2026-08-17,19,안중,19068.8
2026-08-17,20,서화성,18859.6
2026-08-17,20,안중,18859.6
2026-08-17,21,서화성,18157
2026-08-17,21,안중,18157
2026-08-17,22,서화성,17172
2026-08-17,22,안중,17172
2026-08-17,23,서화성,16324.8
2026-08-17,23,안중,16324.8
2026-08-18,0,서화성,13229.8
2026-08-18,0,안중,13229.8
2026-08-18,1,서화성,12410.2
2026-08-18,1,안중,12410.2
2026-08-18,2,서화성,11861.2
2026-08-18,2,안중,11861.2
2026-08-18,3,서화성,11563.2
2026-08-18,3,안중,11563.2
2026-08-18,4,서화성,11409.2
2026-08-18,4,안중,11409.2
2026-08-18,5,서화성,11486.4
2026-08-18,5,안중,11486.4
2026-08-18,6,서화성,11886.2
2026-08-18,6,안중,11886.2
2026-08-18,7,서화성,12783.8
2026-08-18,7,안중,12783.8
2026-08-18,8,서화성,14153.4
2026-08-18,8,안중,14153.4
2026-08-18,9,서화성,15726.2
2026-08-18,9,안중,15726.2
2026-08-18,10,서화성,16500.4
2026-08-18,10,안중,16500.4
2026-08-18,11,서화성,16690.8
2026-08-18,11,안중,16690.8
2026-08-18,12,서화성,16514.4
2026-08-18,12,안중,16514.4
2026-08-18,13,서화성,16177
2026-08-18,13,안중,16177
2026-08-18,14,서화성,16850.2
2026-08-18,14,안중,16850.2
2026-08-18,15,서화성,17245.4
2026-08-18,15,안중,17245.4
2026-08-18,16,서화성,17617.4
2026-08-18,16,안중,17617.4
2026-08-18,17,서화성,18259.2
2026-08-18,17,안중,18259.2
2026-08-18,18,서화성,18382.2
2026-08-18,18,안중,18382.2
2026-08-18,19,서화성,18353.4
2026-08-18,19,안중,18353.4
2026-08-18,20,서화성,18183.4
2026-08-18,20,안중,18183.4
2026-08-18,21,서화성,17464.6
2026-08-18,21,안중,17464.6
2026-08-18,22,서화성,16516.2
2026-08-18,22,안중,16516.2
2026-08-18,23,서화성,15747.6
2026-08-18,23,안중,15747.6
2026-08-19,0,서화성,14529.2
2026-08-19,0,안중,14529.2
2026-08-19,1,서화성,13477.6
2026-08-19,1,안중,13477.6
2026-08-19,2,서화성,12853.2
2026-08-19,2,안중,12853.2
2026-08-19,3,서화성,12486.2
2026-08-19,3,안중,12486.2
2026-08-19,4,서화성,12274.4
2026-08-19,4,안중,12274.4
2026-08-19,5,서화성,12218.8
2026-08-19,5,안중,12218.8
2026-08-19,6,서화성,12414.4
2026-08-19,6,안중,12414.4
2026-08-19,7,서화성,13034
2026-08-19,7,안중,13034
2026-08-19,8,서화성,13968.6
2026-08-19,8,안중,13968.6
2026-08-19,9,서화성,15147.6
2026-08-19,9,안중,15147.6
2026-08-19,10,서화성,15851.6
2026-08-19,10,안중,15851.6
2026-08-19,11,서화성,16121.4
2026-08-19,11,안중,16121.4
2026-08-19,12,서화성,15983
2026-08-19,12,안중,15983
2026-08-19,13,서화성,15608.8
2026-08-19,13,안중,15608.8
2026-08-19,14,서화성,16342.6
2026-08-19,14,안중,16342.6
2026-08-19,15,서화성,16768.6
2026-08-19,15,안중,16768.6
2026-08-19,16,서화성,17072.6
2026-08-19,16,안중,17072.6
2026-08-19,17,서화성,17547.6
2026-08-19,17,안중,17547.6
2026-08-19,18,서화성,17693.2
2026-08-19,18,안중,17693.2
2026-08-19,19,서화성,17903
2026-08-19,19,안중,17903
2026-08-19,20,서화성,17780.6
2026-08-19,20,안중,17780.6
2026-08-19,21,서화성,17238.8
2026-08-19,21,안중,17238.8
2026-08-19,22,서화성,16347.2
2026-08-19,22,안중,16347.2
2026-08-19,23,서화성,15533.4
2026-08-19,23,안중,15533.4
2026-08-20,0,서화성,12700.8
2026-08-20,0,안중,12700.8
2026-08-20,1,서화성,11893.4
2026-08-20,1,안중,11893.4
2026-08-20,2,서화성,11406.8
2026-08-20,2,안중,11406.8
2026-08-20,3,서화성,11083.6
2026-08-20,3,안중,11083.6
2026-08-20,4,서화성,10935.2
2026-08-20,4,안중,10935.2
2026-08-20,5,서화성,11001.2
2026-08-20,5,안중,11001.2
2026-08-20,6,서화성,11332.2
2026-08-20,6,안중,11332.2
2026-08-20,7,서화성,12145.4
2026-08-20,7,안중,12145.4
2026-08-20,8,서화성,13411.6
2026-08-20,8,안중,13411.6
2026-08-20,9,서화성,14965.8
2026-08-20,9,안중,14965.8
2026-08-20,10,서화성,15782
2026-08-20,10,안중,15782
2026-08-20,11,서화성,16068.6
2026-08-20,11,안중,16068.6
2026-08-20,12,서화성,15872.4
2026-08-20,12,안중,15872.4
2026-08-20,13,서화성,15634.6
2026-08-20,13,안중,15634.6
2026-08-20,14,서화성,16315.2
2026-08-20,14,안중,16315.2
2026-08-20,15,서화성,16695
2026-08-20,15,안중,16695
2026-08-20,16,서화성,16907.2
2026-08-20,16,안중,16907.2
2026-08-20,17,서화성,17266.4
2026-08-20,17,안중,17266.4
2026-08-20,18,서화성,17261
2026-08-20,18,안중,17261
2026-08-20,19,서화성,17316.8
2026-08-20,19,안중,17316.8
2026-08-20,20,서화성,17219.8
2026-08-20,20,안중,17219.8
2026-08-20,21,서화성,16753.4
2026-08-20,21,안중,16753.4
2026-08-20,22,서화성,15912
2026-08-20,22,안중,15912
2026-08-20,23,서화성,15189.4
2026-08-20,23,안중,15189.4
2026-08-21,0,서화성,12669.2
2026-08-21,0,안중,12669.2
2026-08-21,1,서화성,12022.2
2026-08-21,1,안중,12022.2
2026-08-21,2,서화성,11572.8
2026-08-21,2,안중,11572.8
2026-08-21,3,서화성,11289.4
2026-08-21,3,안중,11289.4
2026-08-21,4,서화성,11199.8
2026-08-21,4,안중,11199.8
2026-08-21,5,서화성,11354.8
2026-08-21,5,안중,11354.8
2026-08-21,6,서화성,11780.4
2026-08-21,6,안중,11780.4
2026-08-21,7,서화성,12655.2
2026-08-21,7,안중,12655.2
2026-08-21,8,서화성,14146.2
2026-08-21,8,안중,14146.2
2026-08-21,9,서화성,15925.4
2026-08-21,9,안중,15925.4
2026-08-21,10,서화성,16804.8
2026-08-21,10,안중,16804.8
2026-08-21,11,서화성,17025.4
2026-08-21,11,안중,17025.4
2026-08-21,12,서화성,16817.8
2026-08-21,12,안중,16817.8
2026-08-21,13,서화성,16170.2
2026-08-21,13,안중,16170.2
2026-08-21,14,서화성,16419
2026-08-21,14,안중,16419
2026-08-21,15,서화성,15960.6
2026-08-21,15,안중,15960.6
2026-08-21,16,서화성,15423.2
2026-08-21,16,안중,15423.2
2026-08-21,17,서화성,15457.8
2026-08-21,17,안중,15457.8
2026-08-21,18,서화성,15478.8
2026-08-21,18,안중,15478.8
2026-08-21,19,서화성,15563.8
2026-08-21,19,안중,15563.8
2026-08-21,20,서화성,15215.2
2026-08-21,20,안중,15215.2
2026-08-21,21,서화성,14572.8
2026-08-21,21,안중,14572.8
2026-08-21,22,서화성,14049
2026-08-21,22,안중,14049
2026-08-21,23,서화성,13889.2
2026-08-21,23,안중,13889.2
2026-08-22,0,서화성,14822.8
2026-08-22,0,안중,14822.8
2026-08-22,1,서화성,13710.8
2026-08-22,1,안중,13710.8
2026-08-22,2,서화성,13087.8
2026-08-22,2,안중,13087.8
2026-08-22,3,서화성,12637.2
2026-08-22,3,안중,12637.2
2026-08-22,4,서화성,12395.2
2026-08-22,4,안중,12395.2
2026-08-22,5,서화성,12309.2
2026-08-22,5,안중,12309.2
2026-08-22,6,서화성,12506
2026-08-22,6,안중,12506
2026-08-22,7,서화성,13107.4
2026-08-22,7,안중,13107.4
2026-08-22,8,서화성,13954.8
2026-08-22,8,안중,13954.8
2026-08-22,9,서화성,15127.2
2026-08-22,9,안중,15127.2
2026-08-22,10,서화성,15872.6
2026-08-22,10,안중,15872.6
2026-08-22,11,서화성,16188
2026-08-22,11,안중,16188
2026-08-22,12,서화성,16113.4
2026-08-22,12,안중,16113.4
2026-08-22,13,서화성,15856.8
2026-08-22,13,안중,15856.8
2026-08-22,14,서화성,16557.4
2026-08-22,14,안중,16557.4
2026-08-22,15,서화성,16979.4
2026-08-22,15,안중,16979.4
2026-08-22,16,서화성,17291.2
2026-08-22,16,안중,17291.2
2026-08-22,17,서화성,17771.6
2026-08-22,17,안중,17771.6
2026-08-22,18,서화성,17996.4
2026-08-22,18,안중,17996.4
2026-08-22,19,서화성,18105.6
2026-08-22,19,안중,18105.6
2026-08-22,20,서화성,17971
2026-08-22,20,안중,17971
2026-08-22,21,서화성,17493.2
2026-08-22,21,안중,17493.2
2026-08-22,22,서화성,16589.4
2026-08-22,22,안중,16589.4
2026-08-22,23,서화성,15778.4
2026-08-22,23,안중,15778.4
2026-08-23,0,서화성,14423.2
2026-08-23,0,안중,14423.2
2026-08-23,1,서화성,13532
2026-08-23,1,안중,13532
2026-08-23,2,서화성,12928.2
2026-08-23,2,안중,12928.2
2026-08-23,3,서화성,12563.2
2026-08-23,3,안중,12563.2
2026-08-23,4,서화성,12306.6
2026-08-23,4,안중,12306.6
2026-08-23,5,서화성,12236
2026-08-23,5,안중,12236
2026-08-23,6,서화성,12414.6
2026-08-23,6,안중,12414.6
2026-08-23,7,서화성,13030.4
2026-08-23,7,안중,13030.4
2026-08-23,8,서화성,14006.6
2026-08-23,8,안중,14006.6
2026-08-23,9,서화성,15346.6
2026-08-23,9,안중,15346.6
2026-08-23,10,서화성,16133
2026-08-23,10,안중,16133
2026-08-23,11,서화성,16509
2026-08-23,11,안중,16509
2026-08-23,12,서화성,16558.4
2026-08-23,12,안중,16558.4
2026-08-23,13,서화성,16456.8
2026-08-23,13,안중,16456.8
2026-08-23,14,서화성,17068
2026-08-23,14,안중,17068
2026-08-23,15,서화성,17482.2
2026-08-23,15,안중,17482.2
2026-08-23,16,서화성,17732.6
2026-08-23,16,안중,17732.6
2026-08-23,17,서화성,18071.6
2026-08-23,17,안중,18071.6
2026-08-23,18,서화성,18005
2026-08-23,18,안중,18005
2026-08-23,19,서화성,17820
2026-08-23,19,안중,17820
2026-08-23,20,서화성,17652.4
2026-08-23,20,안중,17652.4
2026-08-23,21,서화성,17045.6
2026-08-23,21,안중,17045.6
2026-08-23,22,서화성,16161
2026-08-23,22,안중,16161
2026-08-23,23,서화성,15461.8
2026-08-23,23,안중,15461.8
2026-08-24,0,서화성,15116.4
2026-08-24,0,안중,15116.4
2026-08-24,1,서화성,13972.8
2026-08-24,1,안중,13972.8
2026-08-24,2,서화성,13340.6
2026-08-24,2,안중,13340.6
2026-08-24,3,서화성,12943
2026-08-24,3,안중,12943
2026-08-24,4,서화성,12673.2
2026-08-24,4,안중,12673.2
2026-08-24,5,서화성,12600.4
2026-08-24,5,안중,12600.4
2026-08-24,6,서화성,12790.6
2026-08-24,6,안중,12790.6
2026-08-24,7,서화성,13468.2
2026-08-24,7,안중,13468.2
2026-08-24,8,서화성,14601
2026-08-24,8,안중,14601
2026-08-24,9,서화성,15915.6
2026-08-24,9,안중,15915.6
2026-08-24,10,서화성,16773.2
2026-08-24,10,안중,16773.2
2026-08-24,11,서화성,17131
2026-08-24,11,안중,17131
2026-08-24,12,서화성,17083.2
2026-08-24,12,안중,17083.2
2026-08-24,13,서화성,16844
2026-08-24,13,안중,16844
2026-08-24,14,서화성,17659.2
2026-08-24,14,안중,17659.2
2026-08-24,15,서화성,18057.6
2026-08-24,15,안중,18057.6
2026-08-24,16,서화성,18411.6
2026-08-24,16,안중,18411.6
2026-08-24,17,서화성,18993.6
2026-08-24,17,안중,18993.6
2026-08-24,18,서화성,19135
2026-08-24,18,안중,19135
2026-08-24,19,서화성,18940.6
2026-08-24,19,안중,18940.6
2026-08-24,20,서화성,18604.8
2026-08-24,20,안중,18604.8
2026-08-24,21,서화성,17964.6
2026-08-24,21,안중,17964.6
2026-08-24,22,서화성,17046
2026-08-24,22,안중,17046
2026-08-24,23,서화성,16225.8
2026-08-24,23,안중,16225.8
2026-08-25,0,서화성,14317.2
2026-08-25,0,안중,14317.2
2026-08-25,1,서화성,13326.6
2026-08-25,1,안중,13326.6
2026-08-25,2,서화성,12771.8
2026-08-25,2,안중,12771.8
2026-08-25,3,서화성,12421.6
2026-08-25,3,안중,12421.6
2026-08-25,4,서화성,12176.8
2026-08-25,4,안중,12176.8
2026-08-25,5,서화성,12154.6
2026-08-25,5,안중,12154.6
2026-08-25,6,서화성,12330.8
2026-08-25,6,안중,12330.8
2026-08-25,7,서화성,13031
2026-08-25,7,안중,13031
2026-08-25,8,서화성,14123.6
2026-08-25,8,안중,14123.6
2026-08-25,9,서화성,15569.4
2026-08-25,9,안중,15569.4
2026-08-25,10,서화성,16388.2
2026-08-25,10,안중,16388.2
2026-08-25,11,서화성,16584.6
2026-08-25,11,안중,16584.6
2026-08-25,12,서화성,16432.2
2026-08-25,12,안중,16432.2
2026-08-25,13,서화성,16155.6
2026-08-25,13,안중,16155.6
2026-08-25,14,서화성,16732.6
2026-08-25,14,안중,16732.6
2026-08-25,15,서화성,17043
2026-08-25,15,안중,17043
2026-08-25,16,서화성,17169.6
2026-08-25,16,안중,17169.6
2026-08-25,17,서화성,17510.4
2026-08-25,17,안중,17510.4
2026-08-25,18,서화성,17454.8
2026-08-25,18,안중,17454.8
2026-08-25,19,서화성,17482.4
2026-08-25,19,안중,17482.4
2026-08-25,20,서화성,17434.2
2026-08-25,20,안중,17434.2
2026-08-25,21,서화성,16986.2
2026-08-25,21,안중,16986.2
2026-08-25,22,서화성,16185.4
2026-08-25,22,안중,16185.4
2026-08-25,23,서화성,15452
2026-08-25,23,안중,15452
2026-08-26,0,서화성,15085.4
2026-08-26,0,안중,15085.4
2026-08-26,1,서화성,14018.6
2026-08-26,1,안중,14018.6
2026-08-26,2,서화성,13394.6
2026-08-26,2,안중,13394.6
2026-08-26,3,서화성,12997.6
2026-08-26,3,안중,12997.6
2026-08-26,4,서화성,12749.6
2026-08-26,4,안중,12749.6
2026-08-26,5,서화성,12709.8
2026-08-26,5,안중,12709.8
2026-08-26,6,서화성,12865.4
2026-08-26,6,안중,12865.4
2026-08-26,7,서화성,13490.8
2026-08-26,7,안중,13490.8
2026-08-26,8,서화성,14527.6
2026-08-26,8,안중,14527.6
2026-08-26,9,서화성,15852.6
2026-08-26,9,안중,15852.6
2026-08-26,10,서화성,16828.8
2026-08-26,10,안중,16828.8
2026-08-26,11,서화성,17377.4
2026-08-26,11,안중,17377.4
2026-08-26,12,서화성,17505.6
2026-08-26,12,안중,17505.6
2026-08-26,13,서화성,17258.8
2026-08-26,13,안중,17258.8
2026-08-26,14,서화성,17782.4
2026-08-26,14,안중,17782.4
2026-08-26,15,서화성,17845.8
2026-08-26,15,안중,17845.8
2026-08-26,16,서화성,17810.2
2026-08-26,16,안중,17810.2
2026-08-26,17,서화성,18093.8
2026-08-26,17,안중,18093.8
2026-08-26,18,서화성,18123
2026-08-26,18,안중,18123
2026-08-26,19,서화성,18057
2026-08-26,19,안중,18057
2026-08-26,20,서화성,17921
2026-08-26,20,안중,17921
2026-08-26,21,서화성,17319.4
2026-08-26,21,안중,17319.4
2026-08-26,22,서화성,16419.4
2026-08-26,22,안중,16419.4
2026-08-26,23,서화성,15636.8
2026-08-26,23,안중,15636.8
2026-08-27,0,서화성,13002.2
2026-08-27,0,안중,13002.2
2026-08-27,1,서화성,12269.2
2026-08-27,1,안중,12269.2
2026-08-27,2,서화성,11804.2
2026-08-27,2,안중,11804.2
2026-08-27,3,서화성,11513.8
2026-08-27,3,안중,11513.8
2026-08-27,4,서화성,11375.2
2026-08-27,4,안중,11375.2
2026-08-27,5,서화성,11463.4
2026-08-27,5,안중,11463.4
2026-08-27,6,서화성,11808.2
2026-08-27,6,안중,11808.2
2026-08-27,7,서화성,12506
2026-08-27,7,안중,12506
2026-08-27,8,서화성,13495.6
2026-08-27,8,안중,13495.6
2026-08-27,9,서화성,14805.2
2026-08-27,9,안중,14805.2
2026-08-27,10,서화성,15190.2
2026-08-27,10,안중,15190.2
2026-08-27,11,서화성,14954.6
2026-08-27,11,안중,14954.6
2026-08-27,12,서화성,14461.8
2026-08-27,12,안중,14461.8
2026-08-27,13,서화성,13654.4
2026-08-27,13,안중,13654.4
2026-08-27,14,서화성,13899.8
2026-08-27,14,안중,13899.8
2026-08-27,15,서화성,13767.8
2026-08-27,15,안중,13767.8
2026-08-27,16,서화성,13764.2
2026-08-27,16,안중,13764.2
2026-08-27,17,서화성,13987.8
2026-08-27,17,안중,13987.8
2026-08-27,18,서화성,14152
2026-08-27,18,안중,14152
2026-08-27,19,서화성,14326.6
2026-08-27,19,안중,14326.6
2026-08-27,20,서화성,14201.8
2026-08-27,20,안중,14201.8
2026-08-27,21,서화성,13794.4
2026-08-27,21,안중,13794.4
2026-08-27,22,서화성,13399
2026-08-27,22,안중,13399
2026-08-27,23,서화성,13313
2026-08-27,23,안중,13313
2026-08-28,0,서화성,12579.8
2026-08-28,0,안중,12579.8
2026-08-28,1,서화성,11835.2
2026-08-28,1,안중,11835.2
2026-08-28,2,서화성,11376.8
2026-08-28,2,안중,11376.8
2026-08-28,3,서화성,11127.4
2026-08-28,3,안중,11127.4
2026-08-28,4,서화성,10957.6
2026-08-28,4,안중,10957.6
2026-08-28,5,서화성,11020.2
2026-08-28,5,안중,11020.2
2026-08-28,6,서화성,11416.4
2026-08-28,6,안중,11416.4
2026-08-28,7,서화성,12260
2026-08-28,7,안중,12260
2026-08-28,8,서화성,13528
2026-08-28,8,안중,13528
2026-08-28,9,서화성,14988.4
2026-08-28,9,안중,14988.4
2026-08-28,10,서화성,15789.6
2026-08-28,10,안중,15789.6
2026-08-28,11,서화성,16071
2026-08-28,11,안중,16071
2026-08-28,12,서화성,16125.8
2026-08-28,12,안중,16125.8
2026-08-28,13,서화성,15874.8
2026-08-28,13,안중,15874.8
2026-08-28,14,서화성,16659
2026-08-28,14,안중,16659
2026-08-28,15,서화성,17098.8
2026-08-28,15,안중,17098.8
2026-08-28,16,서화성,17470.4
2026-08-28,16,안중,17470.4
2026-08-28,17,서화성,17967.2
2026-08-28,17,안중,17967.2
2026-08-28,18,서화성,18048
2026-08-28,18,안중,18048
2026-08-28,19,서화성,17940.2
2026-08-28,19,안중,17940.2
2026-08-28,20,서화성,17706
2026-08-28,20,안중,17706
2026-08-28,21,서화성,16855.6
2026-08-28,21,안중,16855.6
2026-08-28,22,서화성,15887.8
2026-08-28,22,안중,15887.8
2026-08-28,23,서화성,15183.8
2026-08-28,23,안중,15183.8
2026-08-29,0,서화성,13892.2
2026-08-29,0,안중,13892.2
2026-08-29,1,서화성,12958.6
2026-08-29,1,안중,12958.6
2026-08-29,2,서화성,12315.4
2026-08-29,2,안중,12315.4
2026-08-29,3,서화성,11910.4
2026-08-29,3,안중,11910.4
2026-08-29,4,서화성,11672.4
2026-08-29,4,안중,11672.4
2026-08-29,5,서화성,11615.6
2026-08-29,5,안중,11615.6
2026-08-29,6,서화성,11870
2026-08-29,6,안중,11870
2026-08-29,7,서화성,12594
2026-08-29,7,안중,12594
2026-08-29,8,서화성,13644
2026-08-29,8,안중,13644
2026-08-29,9,서화성,14956.2
2026-08-29,9,안중,14956.2
2026-08-29,10,서화성,15806.4
2026-08-29,10,안중,15806.4
2026-08-29,11,서화성,16161.2
2026-08-29,11,안중,16161.2
2026-08-29,12,서화성,16121.6
2026-08-29,12,안중,16121.6
2026-08-29,13,서화성,15914.8
2026-08-29,13,안중,15914.8
2026-08-29,14,서화성,16492
2026-08-29,14,안중,16492
2026-08-29,15,서화성,16843
2026-08-29,15,안중,16843
2026-08-29,16,서화성,17205.4
2026-08-29,16,안중,17205.4
2026-08-29,17,서화성,17728.2
2026-08-29,17,안중,17728.2
2026-08-29,18,서화성,18047.4
2026-08-29,18,안중,18047.4
2026-08-29,19,서화성,18197
2026-08-29,19,안중,18197
2026-08-29,20,서화성,18059.6
2026-08-29,20,안중,18059.6
2026-08-29,21,서화성,17452.6
2026-08-29,21,안중,17452.6
2026-08-29,22,서화성,16432.4
2026-08-29,22,안중,16432.4
2026-08-29,23,서화성,15527
2026-08-29,23,안중,15527
2026-08-30,0,서화성,14605.2
2026-08-30,0,안중,14605.2
2026-08-30,1,서화성,13870.8
2026-08-30,1,안중,13870.8
2026-08-30,2,서화성,13392.8
2026-08-30,2,안중,13392.8
2026-08-30,3,서화성,13107.4
2026-08-30,3,안중,13107.4
2026-08-30,4,서화성,12982.4
2026-08-30,4,안중,12982.4
2026-08-30,5,서화성,13048.6
2026-08-30,5,안중,13048.6
2026-08-30,6,서화성,13416.2
2026-08-30,6,안중,13416.2
2026-08-30,7,서화성,14260.8
2026-08-30,7,안중,14260.8
2026-08-30,8,서화성,15602.8
2026-08-30,8,안중,15602.8
2026-08-30,9,서화성,17089.6
2026-08-30,9,안중,17089.6
2026-08-30,10,서화성,17264.4
2026-08-30,10,안중,17264.4
2026-08-30,11,서화성,16854.6
2026-08-30,11,안중,16854.6
2026-08-30,12,서화성,16257.2
2026-08-30,12,안중,16257.2
2026-08-30,13,서화성,15380
2026-08-30,13,안중,15380
2026-08-30,14,서화성,15874.4
2026-08-30,14,안중,15874.4
2026-08-30,15,서화성,16131.8
2026-08-30,15,안중,16131.8
2026-08-30,16,서화성,16448
2026-08-30,16,안중,16448
2026-08-30,17,서화성,16935
2026-08-30,17,안중,16935
2026-08-30,18,서화성,17146
2026-08-30,18,안중,17146
2026-08-30,19,서화성,17007.2
2026-08-30,19,안중,17007.2
2026-08-30,20,서화성,16633.2
2026-08-30,20,안중,16633.2
2026-08-30,21,서화성,15928.6
2026-08-30,21,안중,15928.6
2026-08-30,22,서화성,15316.6
2026-08-30,22,안중,15316.6
2026-08-30,23,서화성,15066.4
2026-08-30,23,안중,15066.4
2026-08-31,0,서화성,14227.6
2026-08-31,0,안중,14227.6
2026-08-31,1,서화성,13264
2026-08-31,1,안중,13264
2026-08-31,2,서화성,12708
2026-08-31,2,안중,12708
2026-08-31,3,서화성,12348
2026-08-31,3,안중,12348
2026-08-31,4,서화성,12105
2026-08-31,4,안중,12105
2026-08-31,5,서화성,12075.4
2026-08-31,5,안중,12075.4
2026-08-31,6,서화성,12322.8
2026-08-31,6,안중,12322.8
2026-08-31,7,서화성,12992.8
2026-08-31,7,안중,12992.8
2026-08-31,8,서화성,13907.6
2026-08-31,8,안중,13907.6
2026-08-31,9,서화성,15044.6
2026-08-31,9,안중,15044.6
2026-08-31,10,서화성,15714
2026-08-31,10,안중,15714
2026-08-31,11,서화성,15964.8
2026-08-31,11,안중,15964.8
2026-08-31,12,서화성,15820.8
2026-08-31,12,안중,15820.8
2026-08-31,13,서화성,15614.6
2026-08-31,13,안중,15614.6
2026-08-31,14,서화성,16383
2026-08-31,14,안중,16383
2026-08-31,15,서화성,16931.8
2026-08-31,15,안중,16931.8
2026-08-31,16,서화성,17249.2
2026-08-31,16,안중,17249.2
2026-08-31,17,서화성,17704.8
2026-08-31,17,안중,17704.8
2026-08-31,18,서화성,17826.4
2026-08-31,18,안중,17826.4
2026-08-31,19,서화성,17800
2026-08-31,19,안중,17800
2026-08-31,20,서화성,17575.8
2026-08-31,20,안중,17575.8
2026-08-31,21,서화성,16764.2
2026-08-31,21,안중,16764.2
2026-08-31,22,서화성,15847.2
2026-08-31,22,안중,15847.2
2026-08-31,23,서화성,15121.4
2026-08-31,23,안중,15121.4
2026-09-01,0,서화성,14497.6
2026-09-01,0,안중,14497.6
2026-09-01,1,서화성,13526.4
2026-09-01,1,안중,13526.4
2026-09-01,2,서화성,12981.2
2026-09-01,2,안중,12981.2
2026-09-01,3,서화성,12595
2026-09-01,3,안중,12595
2026-09-01,4,서화성,12386.6
2026-09-01,4,안중,12386.6
2026-09-01,5,서화성,12383.4
2026-09-01,5,안중,12383.4
2026-09-01,6,서화성,12630.8
2026-09-01,6,안중,12630.8
2026-09-01,7,서화성,13289.6
2026-09-01,7,안중,13289.6
2026-09-01,8,서화성,14352.6
2026-09-01,8,안중,14352.6
2026-09-01,9,서화성,15623.2
2026-09-01,9,안중,15623.2
2026-09-01,10,서화성,16242.6
2026-09-01,10,안중,16242.6
2026-09-01,11,서화성,16389.4
2026-09-01,11,안중,16389.4
2026-09-01,12,서화성,16333.4
2026-09-01,12,안중,16333.4
2026-09-01,13,서화성,16035.2
2026-09-01,13,안중,16035.2
2026-09-01,14,서화성,16770.6
2026-09-01,14,안중,16770.6
2026-09-01,15,서화성,17279.4
2026-09-01,15,안중,17279.4
2026-09-01,16,서화성,17589
2026-09-01,16,안중,17589
2026-09-01,17,서화성,18097.4
2026-09-01,17,안중,18097.4
2026-09-01,18,서화성,18279.2
2026-09-01,18,안중,18279.2
2026-09-01,19,서화성,18266.2
2026-09-01,19,안중,18266.2
2026-09-01,20,서화성,18141
2026-09-01,20,안중,18141
2026-09-01,21,서화성,17379.6
2026-09-01,21,안중,17379.6
2026-09-01,22,서화성,16466.4
2026-09-01,22,안중,16466.4
2026-09-01,23,서화성,15689.2
2026-09-01,23,안중,15689.2
2026-09-02,0,서화성,15319
2026-09-02,0,안중,15319
2026-09-02,1,서화성,14254.4
2026-09-02,1,안중,14254.4
2026-09-02,2,서화성,13608.6
2026-09-02,2,안중,13608.6
2026-09-02,3,서화성,13205.2
2026-09-02,3,안중,13205.2
2026-09-02,4,서화성,12940.4
2026-09-02,4,안중,12940.4
2026-09-02,5,서화성,12840
2026-09-02,5,안중,12840
2026-09-02,6,서화성,13090.8
2026-09-02,6,안중,13090.8
2026-09-02,7,서화성,13792.8
2026-09-02,7,안중,13792.8
2026-09-02,8,서화성,14907.6
2026-09-02,8,안중,14907.6
2026-09-02,9,서화성,16172.4
2026-09-02,9,안중,16172.4
2026-09-02,10,서화성,16884
2026-09-02,10,안중,16884
2026-09-02,11,서화성,17046
2026-09-02,11,안중,17046
2026-09-02,12,서화성,16951.4
2026-09-02,12,안중,16951.4
2026-09-02,13,서화성,16697.6
2026-09-02,13,안중,16697.6
2026-09-02,14,서화성,17407
2026-09-02,14,안중,17407
2026-09-02,15,서화성,17767
2026-09-02,15,안중,17767
2026-09-02,16,서화성,17999.6
2026-09-02,16,안중,17999.6
2026-09-02,17,서화성,18543.2
2026-09-02,17,안중,18543.2
2026-09-02,18,서화성,18650.6
2026-09-02,18,안중,18650.6
2026-09-02,19,서화성,18592.2
2026-09-02,19,안중,18592.2
2026-09-02,20,서화성,18456.4
2026-09-02,20,안중,18456.4
2026-09-02,21,서화성,17784.6
2026-09-02,21,안중,17784.6
2026-09-02,22,서화성,16856.2
2026-09-02,22,안중,16856.2
2026-09-02,23,서화성,16120.8
2026-09-02,23,안중,16120.8
2026-09-03,0,서화성,14028.8
2026-09-03,0,안중,14028.8
2026-09-03,1,서화성,13114.2
2026-09-03,1,안중,13114.2
2026-09-03,2,서화성,12595.6
2026-09-03,2,안중,12595.6
2026-09-03,3,서화성,12308.8
2026-09-03,3,안중,12308.8
2026-09-03,4,서화성,12094.8
2026-09-03,4,안중,12094.8
2026-09-03,5,서화성,12030.8
2026-09-03,5,안중,12030.8
2026-09-03,6,서화성,12295.6
2026-09-03,6,안중,12295.6
2026-09-03,7,서화성,12946
2026-09-03,7,안중,12946
2026-09-03,8,서화성,13825.8
2026-09-03,8,안중,13825.8
2026-09-03,9,서화성,14882.2
2026-09-03,9,안중,14882.2
2026-09-03,10,서화성,15568.8
2026-09-03,10,안중,15568.8
2026-09-03,11,서화성,15719.2
2026-09-03,11,안중,15719.2
2026-09-03,12,서화성,15647.4
2026-09-03,12,안중,15647.4
2026-09-03,13,서화성,15275
2026-09-03,13,안중,15275
2026-09-03,14,서화성,16146.8
2026-09-03,14,안중,16146.8
2026-09-03,15,서화성,16662.2
2026-09-03,15,안중,16662.2
2026-09-03,16,서화성,17035.8
2026-09-03,16,안중,17035.8
2026-09-03,17,서화성,17474.2
2026-09-03,17,안중,17474.2
2026-09-03,18,서화성,17437.6
2026-09-03,18,안중,17437.6
2026-09-03,19,서화성,17290.2
2026-09-03,19,안중,17290.2
2026-09-03,20,서화성,17134.2
2026-09-03,20,안중,17134.2
2026-09-03,21,서화성,16400.2
2026-09-03,21,안중,16400.2
2026-09-03,22,서화성,15598.8
2026-09-03,22,안중,15598.8
2026-09-03,23,서화성,14967.6
2026-09-03,23,안중,14967.6
2026-09-04,0,서화성,13257.2
2026-09-04,0,안중,13257.2
2026-09-04,1,서화성,12535.2
2026-09-04,1,안중,12535.2
2026-09-04,2,서화성,12003.2
2026-09-04,2,안중,12003.2
2026-09-04,3,서화성,11690
2026-09-04,3,안중,11690
2026-09-04,4,서화성,11542
2026-09-04,4,안중,11542
2026-09-04,5,서화성,11570.6
2026-09-04,5,안중,11570.6
2026-09-04,6,서화성,11906.2
2026-09-04,6,안중,11906.2
2026-09-04,7,서화성,12766.2
2026-09-04,7,안중,12766.2
2026-09-04,8,서화성,14194.2
2026-09-04,8,안중,14194.2
2026-09-04,9,서화성,16001
2026-09-04,9,안중,16001
2026-09-04,10,서화성,16986.8
2026-09-04,10,안중,16986.8
2026-09-04,11,서화성,17216.4
2026-09-04,11,안중,17216.4
2026-09-04,12,서화성,17081.6
2026-09-04,12,안중,17081.6
2026-09-04,13,서화성,16768.8
2026-09-04,13,안중,16768.8
2026-09-04,14,서화성,17500.4
2026-09-04,14,안중,17500.4
2026-09-04,15,서화성,17870.4
2026-09-04,15,안중,17870.4
2026-09-04,16,서화성,18184.8
2026-09-04,16,안중,18184.8
2026-09-04,17,서화성,18402.4
2026-09-04,17,안중,18402.4
2026-09-04,18,서화성,18288.4
2026-09-04,18,안중,18288.4
2026-09-04,19,서화성,18149.6
2026-09-04,19,안중,18149.6
2026-09-04,20,서화성,17950.2
2026-09-04,20,안중,17950.2
2026-09-04,21,서화성,17163.4
2026-09-04,21,안중,17163.4
2026-09-04,22,서화성,16254
2026-09-04,22,안중,16254
2026-09-04,23,서화성,15489
2026-09-04,23,안중,15489
2026-09-05,0,서화성,14018
2026-09-05,0,안중,14018
2026-09-05,1,서화성,13009.4
2026-09-05,1,안중,13009.4
2026-09-05,2,서화성,12458
2026-09-05,2,안중,12458
2026-09-05,3,서화성,12113.2
2026-09-05,3,안중,12113.2
2026-09-05,4,서화성,11852
2026-09-05,4,안중,11852
2026-09-05,5,서화성,11805.6
2026-09-05,5,안중,11805.6
2026-09-05,6,서화성,12068.2
2026-09-05,6,안중,12068.2
2026-09-05,7,서화성,12785.6
2026-09-05,7,안중,12785.6
2026-09-05,8,서화성,14184.2
2026-09-05,8,안중,14184.2
2026-09-05,9,서화성,15968.8
2026-09-05,9,안중,15968.8
2026-09-05,10,서화성,17160.4
2026-09-05,10,안중,17160.4
2026-09-05,11,서화성,17586.6
2026-09-05,11,안중,17586.6
2026-09-05,12,서화성,17404.4
2026-09-05,12,안중,17404.4
2026-09-05,13,서화성,16868.8
2026-09-05,13,안중,16868.8
2026-09-05,14,서화성,17232.6
2026-09-05,14,안중,17232.6
2026-09-05,15,서화성,17360.6
2026-09-05,15,안중,17360.6
2026-09-05,16,서화성,17280.2
2026-09-05,16,안중,17280.2
2026-09-05,17,서화성,17287
2026-09-05,17,안중,17287
2026-09-05,18,서화성,16887.6
2026-09-05,18,안중,16887.6
2026-09-05,19,서화성,16668
2026-09-05,19,안중,16668
2026-09-05,20,서화성,16397.4
2026-09-05,20,안중,16397.4
2026-09-05,21,서화성,15729.6
2026-09-05,21,안중,15729.6
2026-09-05,22,서화성,14835
2026-09-05,22,안중,14835
2026-09-05,23,서화성,14151.6
2026-09-05,23,안중,14151.6
2026-09-06,0,서화성,15234.4
2026-09-06,0,안중,15234.4
2026-09-06,1,서화성,14108.4
2026-09-06,1,안중,14108.4
2026-09-06,2,서화성,13431
2026-09-06,2,안중,13431
2026-09-06,3,서화성,12998.4
2026-09-06,3,안중,12998.4
2026-09-06,4,서화성,12730
2026-09-06,4,안중,12730
2026-09-06,5,서화성,12671.2
2026-09-06,5,안중,12671.2
2026-09-06,6,서화성,12866
2026-09-06,6,안중,12866
2026-09-06,7,서화성,13520.6
2026-09-06,7,안중,13520.6
2026-09-06,8,서화성,14524.8
2026-09-06,8,안중,14524.8
2026-09-06,9,서화성,15656.8
2026-09-06,9,안중,15656.8
2026-09-06,10,서화성,16303.6
2026-09-06,10,안중,16303.6
2026-09-06,11,서화성,16424.2
2026-09-06,11,안중,16424.2
2026-09-06,12,서화성,16258.6
2026-09-06,12,안중,16258.6
2026-09-06,13,서화성,15878.4
2026-09-06,13,안중,15878.4
2026-09-06,14,서화성,16597.6
2026-09-06,14,안중,16597.6
2026-09-06,15,서화성,17071
2026-09-06,15,안중,17071
2026-09-06,16,서화성,17441.6
2026-09-06,16,안중,17441.6
2026-09-06,17,서화성,18021.8
2026-09-06,17,안중,18021.8
2026-09-06,18,서화성,18257
2026-09-06,18,안중,18257
2026-09-06,19,서화성,18537
2026-09-06,19,안중,18537
2026-09-06,20,서화성,18477
2026-09-06,20,안중,18477
2026-09-06,21,서화성,17957
2026-09-06,21,안중,17957
2026-09-06,22,서화성,17048
2026-09-06,22,안중,17048
2026-09-06,23,서화성,16193.2
2026-09-06,23,안중,16193.2
2026-09-07,0,서화성,14731.6
2026-09-07,0,안중,14731.6
2026-09-07,1,서화성,13636.4
2026-09-07,1,안중,13636.4
2026-09-07,2,서화성,13018
2026-09-07,2,안중,13018
2026-09-07,3,서화성,12655
2026-09-07,3,안중,12655
2026-09-07,4,서화성,12425.2
2026-09-07,4,안중,12425.2
2026-09-07,5,서화성,12367
2026-09-07,5,안중,12367
2026-09-07,6,서화성,12538
2026-09-07,6,안중,12538
2026-09-07,7,서화성,13197.4
2026-09-07,7,안중,13197.4
2026-09-07,8,서화성,14306.8
2026-09-07,8,안중,14306.8
2026-09-07,9,서화성,15586
2026-09-07,9,안중,15586
2026-09-07,10,서화성,16219.8
2026-09-07,10,안중,16219.8
2026-09-07,11,서화성,16310.2
2026-09-07,11,안중,16310.2
2026-09-07,12,서화성,16034.2
2026-09-07,12,안중,16034.2
2026-09-07,13,서화성,15527.6
2026-09-07,13,안중,15527.6
2026-09-07,14,서화성,16206
2026-09-07,14,안중,16206
2026-09-07,15,서화성,16618.4
2026-09-07,15,안중,16618.4
2026-09-07,16,서화성,16939.2
2026-09-07,16,안중,16939.2
2026-09-07,17,서화성,17464.8
2026-09-07,17,안중,17464.8
2026-09-07,18,서화성,17653.4
2026-09-07,18,안중,17653.4
2026-09-07,19,서화성,17820.6
2026-09-07,19,안중,17820.6
2026-09-07,20,서화성,17686.6
2026-09-07,20,안중,17686.6
2026-09-07,21,서화성,17205
2026-09-07,21,안중,17205
2026-09-07,22,서화성,16329.8
2026-09-07,22,안중,16329.8
2026-09-07,23,서화성,15552
2026-09-07,23,안중,15552
2026-09-08,0,서화성,15291
2026-09-08,0,안중,15291
2026-09-08,1,서화성,14186
2026-09-08,1,안중,14186
2026-09-08,2,서화성,13571.2
2026-09-08,2,안중,13571.2
2026-09-08,3,서화성,13153.4
2026-09-08,3,안중,13153.4
2026-09-08,4,서화성,12915
2026-09-08,4,안중,12915
2026-09-08,5,서화성,12833.2
2026-09-08,5,안중,12833.2
2026-09-08,6,서화성,13045.8
2026-09-08,6,안중,13045.8
2026-09-08,7,서화성,13716.8
2026-09-08,7,안중,13716.8
2026-09-08,8,서화성,14795.2
2026-09-08,8,안중,14795.2
2026-09-08,9,서화성,16131.2
2026-09-08,9,안중,16131.2
2026-09-08,10,서화성,16977
2026-09-08,10,안중,16977
2026-09-08,11,서화성,17294.8
2026-09-08,11,안중,17294.8
2026-09-08,12,서화성,17238.4
2026-09-08,12,안중,17238.4
2026-09-08,13,서화성,16974.2
2026-09-08,13,안중,16974.2
2026-09-08,14,서화성,17623.4
2026-09-08,14,안중,17623.4
2026-09-08,15,서화성,17988.2
2026-09-08,15,안중,17988.2
2026-09-08,16,서화성,18264.6
2026-09-08,16,안중,18264.6
2026-09-08,17,서화성,18701.6
2026-09-08,17,안중,18701.6
2026-09-08,18,서화성,18614.2
2026-09-08,18,안중,18614.2
2026-09-08,19,서화성,18436.6
2026-09-08,19,안중,18436.6
2026-09-08,20,서화성,18245.8
2026-09-08,20,안중,18245.8
2026-09-08,21,서화성,17619.2
2026-09-08,21,안중,17619.2
2026-09-08,22,서화성,16769.8
2026-09-08,22,안중,16769.8
2026-09-08,23,서화성,16074.6
2026-09-08,23,안중,16074.6
2026-09-09,0,서화성,13878
2026-09-09,0,안중,13878
2026-09-09,1,서화성,13018
2026-09-09,1,안중,13018
2026-09-09,2,서화성,12450
2026-09-09,2,안중,12450
2026-09-09,3,서화성,12103
2026-09-09,3,안중,12103
2026-09-09,4,서화성,11910.8
2026-09-09,4,안중,11910.8
2026-09-09,5,서화성,11941.4
2026-09-09,5,안중,11941.4
2026-09-09,6,서화성,12306.2
2026-09-09,6,안중,12306.2
2026-09-09,7,서화성,13189.2
2026-09-09,7,안중,13189.2
2026-09-09,8,서화성,14686.8
2026-09-09,8,안중,14686.8
2026-09-09,9,서화성,16277.6
2026-09-09,9,안중,16277.6
2026-09-09,10,서화성,17153.2
2026-09-09,10,안중,17153.2
2026-09-09,11,서화성,17413.4
2026-09-09,11,안중,17413.4
2026-09-09,12,서화성,17263.2
2026-09-09,12,안중,17263.2
2026-09-09,13,서화성,16922.2
2026-09-09,13,안중,16922.2
2026-09-09,14,서화성,17616.4
2026-09-09,14,안중,17616.4
2026-09-09,15,서화성,18064.8
2026-09-09,15,안중,18064.8
2026-09-09,16,서화성,18434.6
2026-09-09,16,안중,18434.6
2026-09-09,17,서화성,19028.4
2026-09-09,17,안중,19028.4
2026-09-09,18,서화성,19190.2
2026-09-09,18,안중,19190.2
2026-09-09,19,서화성,19146.2
2026-09-09,19,안중,19146.2
2026-09-09,20,서화성,18953
2026-09-09,20,안중,18953
2026-09-09,21,서화성,18186
2026-09-09,21,안중,18186
2026-09-09,22,서화성,17198.2
2026-09-09,22,안중,17198.2
2026-09-09,23,서화성,16325.4
2026-09-09,23,안중,16325.4
2026-09-10,0,서화성,15190.2
2026-09-10,0,안중,15190.2
2026-09-10,1,서화성,14041.4
2026-09-10,1,안중,14041.4
2026-09-10,2,서화성,13350.4
2026-09-10,2,안중,13350.4
2026-09-10,3,서화성,12900
2026-09-10,3,안중,12900
2026-09-10,4,서화성,12596.8
2026-09-10,4,안중,12596.8
2026-09-10,5,서화성,12510.4
2026-09-10,5,안중,12510.4
2026-09-10,6,서화성,12693.8
2026-09-10,6,안중,12693.8
2026-09-10,7,서화성,13311.6
2026-09-10,7,안중,13311.6
2026-09-10,8,서화성,14275.6
2026-09-10,8,안중,14275.6
2026-09-10,9,서화성,15421.8
2026-09-10,9,안중,15421.8
2026-09-10,10,서화성,15970.8
2026-09-10,10,안중,15970.8
2026-09-10,11,서화성,16019
2026-09-10,11,안중,16019
2026-09-10,12,서화성,15739
2026-09-10,12,안중,15739
2026-09-10,13,서화성,15371.6
2026-09-10,13,안중,15371.6
2026-09-10,14,서화성,16154.2
2026-09-10,14,안중,16154.2
2026-09-10,15,서화성,16688
2026-09-10,15,안중,16688
2026-09-10,16,서화성,17094.4
2026-09-10,16,안중,17094.4
2026-09-10,17,서화성,17683
2026-09-10,17,안중,17683
2026-09-10,18,서화성,17950
2026-09-10,18,안중,17950
2026-09-10,19,서화성,18143.4
2026-09-10,19,안중,18143.4
2026-09-10,20,서화성,17981.2
2026-09-10,20,안중,17981.2
2026-09-10,21,서화성,17400.6
2026-09-10,21,안중,17400.6
2026-09-10,22,서화성,16472.4
2026-09-10,22,안중,16472.4
2026-09-10,23,서화성,15632.2
2026-09-10,23,안중,15632.2
2026-09-11,0,서화성,14903.8
2026-09-11,0,안중,14903.8
2026-09-11,1,서화성,13883.8
2026-09-11,1,안중,13883.8
2026-09-11,2,서화성,13306.6
2026-09-11,2,안중,13306.6
2026-09-11,3,서화성,12939.4
2026-09-11,3,안중,12939.4
2026-09-11,4,서화성,12705.6
2026-09-11,4,안중,12705.6
2026-09-11,5,서화성,12668.6
2026-09-11,5,안중,12668.6
2026-09-11,6,서화성,12949.2
2026-09-11,6,안중,12949.2
2026-09-11,7,서화성,13671.8
2026-09-11,7,안중,13671.8
2026-09-11,8,서화성,14786.8
2026-09-11,8,안중,14786.8
2026-09-11,9,서화성,16095.6
2026-09-11,9,안중,16095.6
2026-09-11,10,서화성,16884.2
2026-09-11,10,안중,16884.2
2026-09-11,11,서화성,17110
2026-09-11,11,안중,17110
2026-09-11,12,서화성,16962.4
2026-09-11,12,안중,16962.4
2026-09-11,13,서화성,16555.6
2026-09-11,13,안중,16555.6
2026-09-11,14,서화성,17174.2
2026-09-11,14,안중,17174.2
2026-09-11,15,서화성,17573
2026-09-11,15,안중,17573
2026-09-11,16,서화성,17803.2
2026-09-11,16,안중,17803.2
2026-09-11,17,서화성,18314.4
2026-09-11,17,안중,18314.4
2026-09-11,18,서화성,18599.8
2026-09-11,18,안중,18599.8
2026-09-11,19,서화성,18669.2
2026-09-11,19,안중,18669.2
2026-09-11,20,서화성,18499.8
2026-09-11,20,안중,18499.8
2026-09-11,21,서화성,17775
2026-09-11,21,안중,17775
2026-09-11,22,서화성,16813.6
2026-09-11,22,안중,16813.6
2026-09-11,23,서화성,16023.8
2026-09-11,23,안중,16023.8
2026-09-12,0,서화성,12951.2
2026-09-12,0,안중,12951.2
2026-09-12,1,서화성,12155.2
2026-09-12,1,안중,12155.2
2026-09-12,2,서화성,11618.2
2026-09-12,2,안중,11618.2
2026-09-12,3,서화성,11332.8
2026-09-12,3,안중,11332.8
2026-09-12,4,서화성,11155.6
2026-09-12,4,안중,11155.6
2026-09-12,5,서화성,11205.4
2026-09-12,5,안중,11205.4
2026-09-12,6,서화성,11460.4
2026-09-12,6,안중,11460.4
2026-09-12,7,서화성,12270.6
2026-09-12,7,안중,12270.6
2026-09-12,8,서화성,13506.8
2026-09-12,8,안중,13506.8
2026-09-12,9,서화성,15157.4
2026-09-12,9,안중,15157.4
2026-09-12,10,서화성,16264
2026-09-12,10,안중,16264
2026-09-12,11,서화성,16603.2
2026-09-12,11,안중,16603.2
2026-09-12,12,서화성,16382.6
2026-09-12,12,안중,16382.6
2026-09-12,13,서화성,15966.6
2026-09-12,13,안중,15966.6
2026-09-12,14,서화성,16672.8
2026-09-12,14,안중,16672.8
2026-09-12,15,서화성,16989
2026-09-12,15,안중,16989
2026-09-12,16,서화성,17105.6
2026-09-12,16,안중,17105.6
2026-09-12,17,서화성,17267.4
2026-09-12,17,안중,17267.4
2026-09-12,18,서화성,17373
2026-09-12,18,안중,17373
2026-09-12,19,서화성,17384.2
2026-09-12,19,안중,17384.2
2026-09-12,20,서화성,17262.6
2026-09-12,20,안중,17262.6
2026-09-12,21,서화성,16713.4
2026-09-12,21,안중,16713.4
2026-09-12,22,서화성,15893.6
2026-09-12,22,안중,15893.6
2026-09-12,23,서화성,15245.4
2026-09-12,23,안중,15245.4
2026-09-13,0,서화성,14833.4
2026-09-13,0,안중,14833.4
2026-09-13,1,서화성,13785
2026-09-13,1,안중,13785
2026-09-13,2,서화성,13168
2026-09-13,2,안중,13168
2026-09-13,3,서화성,12771.8
2026-09-13,3,안중,12771.8
2026-09-13,4,서화성,12551.8
2026-09-13,4,안중,12551.8
2026-09-13,5,서화성,12511.8
2026-09-13,5,안중,12511.8
2026-09-13,6,서화성,12783.8
2026-09-13,6,안중,12783.8
2026-09-13,7,서화성,13468.2
2026-09-13,7,안중,13468.2
2026-09-13,8,서화성,14656
2026-09-13,8,안중,14656
2026-09-13,9,서화성,16213
2026-09-13,9,안중,16213
2026-09-13,10,서화성,17259.4
2026-09-13,10,안중,17259.4
2026-09-13,11,서화성,17695
2026-09-13,11,안중,17695
2026-09-13,12,서화성,17704.2
2026-09-13,12,안중,17704.2
2026-09-13,13,서화성,17389.8
2026-09-13,13,안중,17389.8
2026-09-13,14,서화성,18110.2
2026-09-13,14,안중,18110.2
2026-09-13,15,서화성,18419
2026-09-13,15,안중,18419
2026-09-13,16,서화성,18528.4
2026-09-13,16,안중,18528.4
2026-09-13,17,서화성,18649.2
2026-09-13,17,안중,18649.2
2026-09-13,18,서화성,18288.6
2026-09-13,18,안중,18288.6
2026-09-13,19,서화성,18122.6
2026-09-13,19,안중,18122.6
2026-09-13,20,서화성,17860.4
2026-09-13,20,안중,17860.4
2026-09-13,21,서화성,17100.4
2026-09-13,21,안중,17100.4
2026-09-13,22,서화성,16217.4
2026-09-13,22,안중,16217.4
2026-09-13,23,서화성,15442.6
2026-09-13,23,안중,15442.6
2026-09-14,0,서화성,13484.6
2026-09-14,0,안중,13484.6
2026-09-14,1,서화성,12593.8
2026-09-14,1,안중,12593.8
2026-09-14,2,서화성,12013.6
2026-09-14,2,안중,12013.6
2026-09-14,3,서화성,11642.8
2026-09-14,3,안중,11642.8
2026-09-14,4,서화성,11484.2
2026-09-14,4,안중,11484.2
2026-09-14,5,서화성,11523.2
2026-09-14,5,안중,11523.2
2026-09-14,6,서화성,11813.4
2026-09-14,6,안중,11813.4
2026-09-14,7,서화성,12677.8
2026-09-14,7,안중,12677.8
2026-09-14,8,서화성,14089.6
2026-09-14,8,안중,14089.6
2026-09-14,9,서화성,15778.8
2026-09-14,9,안중,15778.8
2026-09-14,10,서화성,16590.4
2026-09-14,10,안중,16590.4
2026-09-14,11,서화성,16691.4
2026-09-14,11,안중,16691.4
2026-09-14,12,서화성,16457
2026-09-14,12,안중,16457
2026-09-14,13,서화성,16141.8
2026-09-14,13,안중,16141.8
2026-09-14,14,서화성,16945.6
2026-09-14,14,안중,16945.6
2026-09-14,15,서화성,17420.6
2026-09-14,15,안중,17420.6
2026-09-14,16,서화성,17770.4
2026-09-14,16,안중,17770.4
2026-09-14,17,서화성,18323
2026-09-14,17,안중,18323
2026-09-14,18,서화성,18526.4
2026-09-14,18,안중,18526.4
2026-09-14,19,서화성,18674.8
2026-09-14,19,안중,18674.8
2026-09-14,20,서화성,18531
2026-09-14,20,안중,18531
2026-09-14,21,서화성,17921
2026-09-14,21,안중,17921
2026-09-14,22,서화성,16980.8
2026-09-14,22,안중,16980.8
2026-09-14,23,서화성,16116.6
2026-09-14,23,안중,16116.6
2026-09-15,0,서화성,15224.8
2026-09-15,0,안중,15224.8
2026-09-15,1,서화성,14168
2026-09-15,1,안중,14168
2026-09-15,2,서화성,13543
2026-09-15,2,안중,13543
2026-09-15,3,서화성,13157.2
2026-09-15,3,안중,13157.2
2026-09-15,4,서화성,12925.4
2026-09-15,4,안중,12925.4
2026-09-15,5,서화성,12905.2
2026-09-15,5,안중,12905.2
2026-09-15,6,서화성,13161.2
2026-09-15,6,안중,13161.2
2026-09-15,7,서화성,13865.2
2026-09-15,7,안중,13865.2
2026-09-15,8,서화성,14980.4
2026-09-15,8,안중,14980.4
2026-09-15,9,서화성,16199.4
2026-09-15,9,안중,16199.4
2026-09-15,10,서화성,16963.6
2026-09-15,10,안중,16963.6
2026-09-15,11,서화성,17188.2
2026-09-15,11,안중,17188.2
2026-09-15,12,서화성,16996.4
2026-09-15,12,안중,16996.4
2026-09-15,13,서화성,16652.4
2026-09-15,13,안중,16652.4
2026-09-15,14,서화성,17341.8
2026-09-15,14,안중,17341.8
2026-09-15,15,서화성,17806
2026-09-15,15,안중,17806
2026-09-15,16,서화성,18102.8
2026-09-15,16,안중,18102.8
2026-09-15,17,서화성,18492.6
2026-09-15,17,안중,18492.6
2026-09-15,18,서화성,18719
2026-09-15,18,안중,18719
2026-09-15,19,서화성,18919.8
2026-09-15,19,안중,18919.8
2026-09-15,20,서화성,18827
2026-09-15,20,안중,18827
2026-09-15,21,서화성,18072.4
2026-09-15,21,안중,18072.4
2026-09-15,22,서화성,17094.4
2026-09-15,22,안중,17094.4
2026-09-15,23,서화성,16263.8
2026-09-15,23,안중,16263.8
2026-09-16,0,서화성,14349.6
2026-09-16,0,안중,14349.6
2026-09-16,1,서화성,13341.6
2026-09-16,1,안중,13341.6
2026-09-16,2,서화성,12791.2
2026-09-16,2,안중,12791.2
2026-09-16,3,서화성,12429.2
2026-09-16,3,안중,12429.2
2026-09-16,4,서화성,12162
2026-09-16,4,안중,12162
2026-09-16,5,서화성,12129.4
2026-09-16,5,안중,12129.4
2026-09-16,6,서화성,12328.6
2026-09-16,6,안중,12328.6
2026-09-16,7,서화성,12978.8
2026-09-16,7,안중,12978.8
2026-09-16,8,서화성,13961.2
2026-09-16,8,안중,13961.2
2026-09-16,9,서화성,15104
2026-09-16,9,안중,15104
2026-09-16,10,서화성,15788.4
2026-09-16,10,안중,15788.4
2026-09-16,11,서화성,16079
2026-09-16,11,안중,16079
2026-09-16,12,서화성,15921.4
2026-09-16,12,안중,15921.4
2026-09-16,13,서화성,15563
2026-09-16,13,안중,15563
2026-09-16,14,서화성,16242.4
2026-09-16,14,안중,16242.4
2026-09-16,15,서화성,16630.4
2026-09-16,15,안중,16630.4
2026-09-16,16,서화성,16943.4
2026-09-16,16,안중,16943.4
2026-09-16,17,서화성,17383
2026-09-16,17,안중,17383
2026-09-16,18,서화성,17572.6
2026-09-16,18,안중,17572.6
2026-09-16,19,서화성,17778
2026-09-16,19,안중,17778
2026-09-16,20,서화성,17688.6
2026-09-16,20,안중,17688.6
2026-09-16,21,서화성,17161.6
2026-09-16,21,안중,17161.6
2026-09-16,22,서화성,16266.6
2026-09-16,22,안중,16266.6
2026-09-16,23,서화성,15439.6
2026-09-16,23,안중,15439.6
2026-09-17,0,서화성,15500
2026-09-17,0,안중,15500
2026-09-17,1,서화성,14353
2026-09-17,1,안중,14353
2026-09-17,2,서화성,13690.8
2026-09-17,2,안중,13690.8
2026-09-17,3,서화성,13259.8
2026-09-17,3,안중,13259.8
2026-09-17,4,서화성,12993.4
2026-09-17,4,안중,12993.4
2026-09-17,5,서화성,12939.6
2026-09-17,5,안중,12939.6
2026-09-17,6,서화성,13165.8
2026-09-17,6,안중,13165.8
2026-09-17,7,서화성,13944.6
2026-09-17,7,안중,13944.6
2026-09-17,8,서화성,15348.4
2026-09-17,8,안중,15348.4
2026-09-17,9,서화성,17045.8
2026-09-17,9,안중,17045.8
2026-09-17,10,서화성,18055.8
2026-09-17,10,안중,18055.8
2026-09-17,11,서화성,18376.4
2026-09-17,11,안중,18376.4
2026-09-17,12,서화성,18072.6
2026-09-17,12,안중,18072.6
2026-09-17,13,서화성,17561
2026-09-17,13,안중,17561
2026-09-17,14,서화성,17959.4
2026-09-17,14,안중,17959.4
2026-09-17,15,서화성,18152.4
2026-09-17,15,안중,18152.4
2026-09-17,16,서화성,18203.8
2026-09-17,16,안중,18203.8
2026-09-17,17,서화성,18524.6
2026-09-17,17,안중,18524.6
2026-09-17,18,서화성,18454.4
2026-09-17,18,안중,18454.4
2026-09-17,19,서화성,18507.4
2026-09-17,19,안중,18507.4
2026-09-17,20,서화성,18464.8
2026-09-17,20,안중,18464.8
2026-09-17,21,서화성,17808.2
2026-09-17,21,안중,17808.2
2026-09-17,22,서화성,16884
2026-09-17,22,안중,16884
2026-09-17,23,서화성,16063.2
2026-09-17,23,안중,16063.2
2026-09-18,0,서화성,14120.6
2026-09-18,0,안중,14120.6
2026-09-18,1,서화성,13114.2
2026-09-18,1,안중,13114.2
2026-09-18,2,서화성,12575
2026-09-18,2,안중,12575
2026-09-18,3,서화성,12226.6
2026-09-18,3,안중,12226.6
2026-09-18,4,서화성,12000
2026-09-18,4,안중,12000
2026-09-18,5,서화성,11990.4
2026-09-18,5,안중,11990.4
2026-09-18,6,서화성,12217.4
2026-09-18,6,안중,12217.4
2026-09-18,7,서화성,12885.8
2026-09-18,7,안중,12885.8
2026-09-18,8,서화성,13995.2
2026-09-18,8,안중,13995.2
2026-09-18,9,서화성,15307.8
2026-09-18,9,안중,15307.8
2026-09-18,10,서화성,16208.8
2026-09-18,10,안중,16208.8
2026-09-18,11,서화성,16490.8
2026-09-18,11,안중,16490.8
2026-09-18,12,서화성,16321
2026-09-18,12,안중,16321
2026-09-18,13,서화성,15870
2026-09-18,13,안중,15870
2026-09-18,14,서화성,16442.6
2026-09-18,14,안중,16442.6
2026-09-18,15,서화성,16865.6
2026-09-18,15,안중,16865.6
2026-09-18,16,서화성,17098.8
2026-09-18,16,안중,17098.8
2026-09-18,17,서화성,17475.8
2026-09-18,17,안중,17475.8
2026-09-18,18,서화성,17634.2
2026-09-18,18,안중,17634.2
2026-09-18,19,서화성,17841.8
2026-09-18,19,안중,17841.8
2026-09-18,20,서화성,17704
2026-09-18,20,안중,17704
2026-09-18,21,서화성,17231.4
2026-09-18,21,안중,17231.4
2026-09-18,22,서화성,16340.8
2026-09-18,22,안중,16340.8
2026-09-18,23,서화성,15573.2
2026-09-18,23,안중,15573.2
2026-09-19,0,서화성,14430.8
2026-09-19,0,안중,14430.8
2026-09-19,1,서화성,13430.8
2026-09-19,1,안중,13430.8
2026-09-19,2,서화성,12875.2
2026-09-19,2,안중,12875.2
2026-09-19,3,서화성,12501.2
2026-09-19,3,안중,12501.2
2026-09-19,4,서화성,12304.2
2026-09-19,4,안중,12304.2
2026-09-19,5,서화성,12281
2026-09-19,5,안중,12281
2026-09-19,6,서화성,12418.6
2026-09-19,6,안중,12418.6
2026-09-19,7,서화성,13071.2
2026-09-19,7,안중,13071.2
2026-09-19,8,서화성,14246.6
2026-09-19,8,안중,14246.6
2026-09-19,9,서화성,15959
2026-09-19,9,안중,15959
2026-09-19,10,서화성,17028
2026-09-19,10,안중,17028
2026-09-19,11,서화성,17363.8
2026-09-19,11,안중,17363.8
2026-09-19,12,서화성,17131.8
2026-09-19,12,안중,17131.8
2026-09-19,13,서화성,16622.2
2026-09-19,13,안중,16622.2
2026-09-19,14,서화성,17128.4
2026-09-19,14,안중,17128.4
2026-09-19,15,서화성,17223.4
2026-09-19,15,안중,17223.4
2026-09-19,16,서화성,17301.4
2026-09-19,16,안중,17301.4
2026-09-19,17,서화성,17529
2026-09-19,17,안중,17529
2026-09-19,18,서화성,17357
2026-09-19,18,안중,17357
2026-09-19,19,서화성,17286.6
2026-09-19,19,안중,17286.6
2026-09-19,20,서화성,17147
2026-09-19,20,안중,17147
2026-09-19,21,서화성,16622.4
2026-09-19,21,안중,16622.4
2026-09-19,22,서화성,15820.8
2026-09-19,22,안중,15820.8
2026-09-19,23,서화성,15135
2026-09-19,23,안중,15135
2026-09-20,0,서화성,14250.2
2026-09-20,0,안중,14250.2
2026-09-20,1,서화성,13293.6
2026-09-20,1,안중,13293.6
2026-09-20,2,서화성,12690.4
2026-09-20,2,안중,12690.4
2026-09-20,3,서화성,12337.4
2026-09-20,3,안중,12337.4
2026-09-20,4,서화성,12097
2026-09-20,4,안중,12097
2026-09-20,5,서화성,12047.4
2026-09-20,5,안중,12047.4
2026-09-20,6,서화성,12269.6
2026-09-20,6,안중,12269.6
2026-09-20,7,서화성,12915.4
2026-09-20,7,안중,12915.4
2026-09-20,8,서화성,13756.4
2026-09-20,8,안중,13756.4
2026-09-20,9,서화성,14778
2026-09-20,9,안중,14778
2026-09-20,10,서화성,15518.2
2026-09-20,10,안중,15518.2
2026-09-20,11,서화성,15877.2
2026-09-20,11,안중,15877.2
2026-09-20,12,서화성,15812.2
2026-09-20,12,안중,15812.2
2026-09-20,13,서화성,15618.8
2026-09-20,13,안중,15618.8
2026-09-20,14,서화성,16054.8
2026-09-20,14,안중,16054.8
2026-09-20,15,서화성,16343
2026-09-20,15,안중,16343
2026-09-20,16,서화성,16649.2
2026-09-20,16,안중,16649.2
2026-09-20,17,서화성,17262.4
2026-09-20,17,안중,17262.4
2026-09-20,18,서화성,17523.2
2026-09-20,18,안중,17523.2
2026-09-20,19,서화성,17578.2
2026-09-20,19,안중,17578.2
2026-09-20,20,서화성,17543.2
2026-09-20,20,안중,17543.2
2026-09-20,21,서화성,17006.4
2026-09-20,21,안중,17006.4
2026-09-20,22,서화성,16120.2
2026-09-20,22,안중,16120.2
2026-09-20,23,서화성,15369.6
2026-09-20,23,안중,15369.6
2026-09-21,0,서화성,13091.2
2026-09-21,0,안중,13091.2
2026-09-21,1,서화성,12347.4
2026-09-21,1,안중,12347.4
2026-09-21,2,서화성,11841.8
2026-09-21,2,안중,11841.8
2026-09-21,3,서화성,11583
2026-09-21,3,안중,11583
2026-09-21,4,서화성,11459
2026-09-21,4,안중,11459
2026-09-21,5,서화성,11518.6
2026-09-21,5,안중,11518.6
2026-09-21,6,서화성,11841.8
2026-09-21,6,안중,11841.8
2026-09-21,7,서화성,12517.2
2026-09-21,7,안중,12517.2
2026-09-21,8,서화성,13428
2026-09-21,8,안중,13428
2026-09-21,9,서화성,14636
2026-09-21,9,안중,14636
2026-09-21,10,서화성,15116.8
2026-09-21,10,안중,15116.8
2026-09-21,11,서화성,15272.2
2026-09-21,11,안중,15272.2
2026-09-21,12,서화성,15323.4
2026-09-21,12,안중,15323.4
2026-09-21,13,서화성,14997.6
2026-09-21,13,안중,14997.6
2026-09-21,14,서화성,15725.4
2026-09-21,14,안중,15725.4
2026-09-21,15,서화성,15791.4
2026-09-21,15,안중,15791.4
2026-09-21,16,서화성,15438.4
2026-09-21,16,안중,15438.4
2026-09-21,17,서화성,15189.8
2026-09-21,17,안중,15189.8
2026-09-21,18,서화성,15204.6
2026-09-21,18,안중,15204.6
2026-09-21,19,서화성,15207.2
2026-09-21,19,안중,15207.2
2026-09-21,20,서화성,14966.4
2026-09-21,20,안중,14966.4
2026-09-21,21,서화성,14470.2
2026-09-21,21,안중,14470.2
2026-09-21,22,서화성,13992.6
2026-09-21,22,안중,13992.6
2026-09-21,23,서화성,13918.6
2026-09-21,23,안중,13918.6
2026-09-22,0,서화성,12483
2026-09-22,0,안중,12483
2026-09-22,1,서화성,11711.8
2026-09-22,1,안중,11711.8
2026-09-22,2,서화성,11186
2026-09-22,2,안중,11186
2026-09-22,3,서화성,10890.4
2026-09-22,3,안중,10890.4
2026-09-22,4,서화성,10734.8
2026-09-22,4,안중,10734.8
2026-09-22,5,서화성,10786.8
2026-09-22,5,안중,10786.8
2026-09-22,6,서화성,11075.2
2026-09-22,6,안중,11075.2
2026-09-22,7,서화성,11836
2026-09-22,7,안중,11836
2026-09-22,8,서화성,12936.6
2026-09-22,8,안중,12936.6
2026-09-22,9,서화성,14295.4
2026-09-22,9,안중,14295.4
2026-09-22,10,서화성,15099
2026-09-22,10,안중,15099
2026-09-22,11,서화성,15279.8
2026-09-22,11,안중,15279.8
2026-09-22,12,서화성,15142.6
2026-09-22,12,안중,15142.6
2026-09-22,13,서화성,14920
2026-09-22,13,안중,14920
2026-09-22,14,서화성,15628.8
2026-09-22,14,안중,15628.8
2026-09-22,15,서화성,16046.8
2026-09-22,15,안중,16046.8
2026-09-22,16,서화성,16303.8
2026-09-22,16,안중,16303.8
2026-09-22,17,서화성,16733.6
2026-09-22,17,안중,16733.6
2026-09-22,18,서화성,16919.2
2026-09-22,18,안중,16919.2
2026-09-22,19,서화성,17119.8
2026-09-22,19,안중,17119.8
2026-09-22,20,서화성,17035.6
2026-09-22,20,안중,17035.6
2026-09-22,21,서화성,16520.2
2026-09-22,21,안중,16520.2
2026-09-22,22,서화성,15734
2026-09-22,22,안중,15734
2026-09-22,23,서화성,15000.8
2026-09-22,23,안중,15000.8
2026-09-23,0,서화성,15091.2
2026-09-23,0,안중,15091.2
2026-09-23,1,서화성,14044.2
2026-09-23,1,안중,14044.2
2026-09-23,2,서화성,13421
2026-09-23,2,안중,13421
2026-09-23,3,서화성,13025.8
2026-09-23,3,안중,13025.8
2026-09-23,4,서화성,12776.2
2026-09-23,4,안중,12776.2
2026-09-23,5,서화성,12729
2026-09-23,5,안중,12729
2026-09-23,6,서화성,13002
2026-09-23,6,안중,13002
2026-09-23,7,서화성,13691.6
2026-09-23,7,안중,13691.6
2026-09-23,8,서화성,14784
2026-09-23,8,안중,14784
2026-09-23,9,서화성,16019.2
2026-09-23,9,안중,16019.2
2026-09-23,10,서화성,16794.4
2026-09-23,10,안중,16794.4
2026-09-23,11,서화성,17006.4
2026-09-23,11,안중,17006.4
2026-09-23,12,서화성,16797.8
2026-09-23,12,안중,16797.8
2026-09-23,13,서화성,16480.6
2026-09-23,13,안중,16480.6
2026-09-23,14,서화성,17227.8
2026-09-23,14,안중,17227.8
2026-09-23,15,서화성,17677.2
2026-09-23,15,안중,17677.2
2026-09-23,16,서화성,17960.6
2026-09-23,16,안중,17960.6
2026-09-23,17,서화성,18315.6
2026-09-23,17,안중,18315.6
2026-09-23,18,서화성,18443.2
2026-09-23,18,안중,18443.2
2026-09-23,19,서화성,18632.8
2026-09-23,19,안중,18632.8
2026-09-23,20,서화성,18572.4
2026-09-23,20,안중,18572.4
2026-09-23,21,서화성,17931
2026-09-23,21,안중,17931
2026-09-23,22,서화성,16968.2
2026-09-23,22,안중,16968.2
2026-09-23,23,서화성,16150
2026-09-23,23,안중,16150
2026-09-24,0,서화성,14808.8
2026-09-24,0,안중,14808.8
2026-09-24,1,서화성,13788
2026-09-24,1,안중,13788
2026-09-24,2,서화성,13161.6
2026-09-24,2,안중,13161.6
2026-09-24,3,서화성,12791.6
2026-09-24,3,안중,12791.6
2026-09-24,4,서화성,12528.2
2026-09-24,4,안중,12528.2
2026-09-24,5,서화성,12457
2026-09-24,5,안중,12457
2026-09-24,6,서화성,12631.4
2026-09-24,6,안중,12631.4
2026-09-24,7,서화성,13243
2026-09-24,7,안중,13243
2026-09-24,8,서화성,14267.8
2026-09-24,8,안중,14267.8
2026-09-24,9,서화성,15560.2
2026-09-24,9,안중,15560.2
2026-09-24,10,서화성,16338
2026-09-24,10,안중,16338
2026-09-24,11,서화성,16641
2026-09-24,11,안중,16641
2026-09-24,12,서화성,16566
2026-09-24,12,안중,16566
2026-09-24,13,서화성,16273
2026-09-24,13,안중,16273
2026-09-24,14,서화성,16813.8
2026-09-24,14,안중,16813.8
2026-09-24,15,서화성,17142.2
2026-09-24,15,안중,17142.2
2026-09-24,16,서화성,17404.6
2026-09-24,16,안중,17404.6
2026-09-24,17,서화성,17876.6
2026-09-24,17,안중,17876.6
2026-09-24,18,서화성,17992.4
2026-09-24,18,안중,17992.4
2026-09-24,19,서화성,17966
2026-09-24,19,안중,17966
2026-09-24,20,서화성,17881.8
2026-09-24,20,안중,17881.8
2026-09-24,21,서화성,17363.8
2026-09-24,21,안중,17363.8
2026-09-24,22,서화성,16481
2026-09-24,22,안중,16481
2026-09-24,23,서화성,15709.4
2026-09-24,23,안중,15709.4
2026-09-25,0,서화성,14709.8
2026-09-25,0,안중,14709.8
2026-09-25,1,서화성,13987
2026-09-25,1,안중,13987
2026-09-25,2,서화성,13522.6
2026-09-25,2,안중,13522.6
2026-09-25,3,서화성,13234
2026-09-25,3,안중,13234
2026-09-25,4,서화성,13135.6
2026-09-25,4,안중,13135.6
2026-09-25,5,서화성,13238.2
2026-09-25,5,안중,13238.2
2026-09-25,6,서화성,13585.6
2026-09-25,6,안중,13585.6
2026-09-25,7,서화성,14402.6
2026-09-25,7,안중,14402.6
2026-09-25,8,서화성,15679.6
2026-09-25,8,안중,15679.6
2026-09-25,9,서화성,17340
2026-09-25,9,안중,17340
2026-09-25,10,서화성,17743
2026-09-25,10,안중,17743
2026-09-25,11,서화성,17548.2
2026-09-25,11,안중,17548.2
2026-09-25,12,서화성,17138
2026-09-25,12,안중,17138
2026-09-25,13,서화성,16361.6
2026-09-25,13,안중,16361.6
2026-09-25,14,서화성,16913.8
2026-09-25,14,안중,16913.8
2026-09-25,15,서화성,17385
2026-09-25,15,안중,17385
2026-09-25,16,서화성,17740.8
2026-09-25,16,안중,17740.8
2026-09-25,17,서화성,18141
2026-09-25,17,안중,18141
2026-09-25,18,서화성,18044.2
2026-09-25,18,안중,18044.2
2026-09-25,19,서화성,17586
2026-09-25,19,안중,17586
2026-09-25,20,서화성,17093
2026-09-25,20,안중,17093
2026-09-25,21,서화성,16346.4
2026-09-25,21,안중,16346.4
2026-09-25,22,서화성,15698.6
2026-09-25,22,안중,15698.6
2026-09-25,23,서화성,15477
2026-09-25,23,안중,15477
2026-09-26,0,서화성,15282.2
2026-09-26,0,안중,15282.2
2026-09-26,1,서화성,14191.2
2026-09-26,1,안중,14191.2
2026-09-26,2,서화성,13574.6
2026-09-26,2,안중,13574.6
2026-09-26,3,서화성,13158.6
2026-09-26,3,안중,13158.6
2026-09-26,4,서화성,12897.8
2026-09-26,4,안중,12897.8
2026-09-26,5,서화성,12855.6
2026-09-26,5,안중,12855.6
2026-09-26,6,서화성,13057.2
2026-09-26,6,안중,13057.2
2026-09-26,7,서화성,13715
2026-09-26,7,안중,13715
2026-09-26,8,서화성,14799.4
2026-09-26,8,안중,14799.4
2026-09-26,9,서화성,16253.6
2026-09-26,9,안중,16253.6
2026-09-26,10,서화성,17140
2026-09-26,10,안중,17140
2026-09-26,11,서화성,17400.6
2026-09-26,11,안중,17400.6
2026-09-26,12,서화성,17254
2026-09-26,12,안중,17254
2026-09-26,13,서화성,16943.4
2026-09-26,13,안중,16943.4
2026-09-26,14,서화성,17600.6
2026-09-26,14,안중,17600.6
2026-09-26,15,서화성,17991.6
2026-09-26,15,안중,17991.6
2026-09-26,16,서화성,18304.2
2026-09-26,16,안중,18304.2
2026-09-26,17,서화성,18814.8
2026-09-26,17,안중,18814.8
2026-09-26,18,서화성,18927.8
2026-09-26,18,안중,18927.8
2026-09-26,19,서화성,18897.8
2026-09-26,19,안중,18897.8
2026-09-26,20,서화성,18749.2
2026-09-26,20,안중,18749.2
2026-09-26,21,서화성,18070.4
2026-09-26,21,안중,18070.4
2026-09-26,22,서화성,17072.2
2026-09-26,22,안중,17072.2
2026-09-26,23,서화성,16229.2
2026-09-26,23,안중,16229.2
2026-09-27,0,서화성,13759.4
2026-09-27,0,안중,13759.4
2026-09-27,1,서화성,12879
2026-09-27,1,안중,12879
2026-09-27,2,서화성,12320.2
2026-09-27,2,안중,12320.2
2026-09-27,3,서화성,11952.6
2026-09-27,3,안중,11952.6
2026-09-27,4,서화성,11779.2
2026-09-27,4,안중,11779.2
2026-09-27,5,서화성,11796.2
2026-09-27,5,안중,11796.2
2026-09-27,6,서화성,12092.8
2026-09-27,6,안중,12092.8
2026-09-27,7,서화성,12878.2
2026-09-27,7,안중,12878.2
2026-09-27,8,서화성,14183.4
2026-09-27,8,안중,14183.4
2026-09-27,9,서화성,15840.6
2026-09-27,9,안중,15840.6
2026-09-27,10,서화성,16884
2026-09-27,10,안중,16884
2026-09-27,11,서화성,17210.8
2026-09-27,11,안중,17210.8
2026-09-27,12,서화성,17150.4
2026-09-27,12,안중,17150.4
2026-09-27,13,서화성,16882
2026-09-27,13,안중,16882
2026-09-27,14,서화성,17534.4
2026-09-27,14,안중,17534.4
2026-09-27,15,서화성,17934.4
2026-09-27,15,안중,17934.4
2026-09-27,16,서화성,18155.6
2026-09-27,16,안중,18155.6
2026-09-27,17,서화성,18508.4
2026-09-27,17,안중,18508.4
2026-09-27,18,서화성,18661
2026-09-27,18,안중,18661
2026-09-27,19,서화성,18897.8
2026-09-27,19,안중,18897.8
2026-09-27,20,서화성,18782.4
2026-09-27,20,안중,18782.4
2026-09-27,21,서화성,18074.8
2026-09-27,21,안중,18074.8
2026-09-27,22,서화성,17081.4
2026-09-27,22,안중,17081.4
2026-09-27,23,서화성,16242.4
2026-09-27,23,안중,16242.4
2026-09-28,0,서화성,15069.4
2026-09-28,0,안중,15069.4
2026-09-28,1,서화성,14299
2026-09-28,1,안중,14299
2026-09-28,2,서화성,13812.6
2026-09-28,2,안중,13812.6
2026-09-28,3,서화성,13510
2026-09-28,3,안중,13510
2026-09-28,4,서화성,13365.4
2026-09-28,4,안중,13365.4
2026-09-28,5,서화성,13437.4
2026-09-28,5,안중,13437.4
2026-09-28,6,서화성,13755.6
2026-09-28,6,안중,13755.6
2026-09-28,7,서화성,14548.6
2026-09-28,7,안중,14548.6
2026-09-28,8,서화성,15834.6
2026-09-28,8,안중,15834.6
2026-09-28,9,서화성,17263
2026-09-28,9,안중,17263
2026-09-28,10,서화성,17189.4
2026-09-28,10,안중,17189.4
2026-09-28,11,서화성,16663
2026-09-28,11,안중,16663
2026-09-28,12,서화성,16083
2026-09-28,12,안중,16083
2026-09-28,13,서화성,15171
2026-09-28,13,안중,15171
2026-09-28,14,서화성,15712.8
2026-09-28,14,안중,15712.8
2026-09-28,15,서화성,16069.8
2026-09-28,15,안중,16069.8
2026-09-28,16,서화성,16405.8
2026-09-28,16,안중,16405.8
2026-09-28,17,서화성,16889.2
2026-09-28,17,안중,16889.2
2026-09-28,18,서화성,16939.2
2026-09-28,18,안중,16939.2
2026-09-28,19,서화성,16736.6
2026-09-28,19,안중,16736.6
2026-09-28,20,서화성,16402.4
2026-09-28,20,안중,16402.4
2026-09-28,21,서화성,15748.4
2026-09-28,21,안중,15748.4
2026-09-28,22,서화성,15184.8
2026-09-28,22,안중,15184.8
2026-09-28,23,서화성,15056.6
2026-09-28,23,안중,15056.6
2026-09-29,0,서화성,13926.8
2026-09-29,0,안중,13926.8
2026-09-29,1,서화성,13007
2026-09-29,1,안중,13007
2026-09-29,2,서화성,12374.6
2026-09-29,2,안중,12374.6
2026-09-29,3,서화성,12001.6
2026-09-29,3,안중,12001.6
2026-09-29,4,서화성,11758
2026-09-29,4,안중,11758
2026-09-29,5,서화성,11764.2
2026-09-29,5,안중,11764.2
2026-09-29,6,서화성,12027
2026-09-29,6,안중,12027
2026-09-29,7,서화성,12715.6
2026-09-29,7,안중,12715.6
2026-09-29,8,서화성,13907.2
2026-09-29,8,안중,13907.2
2026-09-29,9,서화성,15429.6
2026-09-29,9,안중,15429.6
2026-09-29,10,서화성,16539
2026-09-29,10,안중,16539
2026-09-29,11,서화성,17104.8
2026-09-29,11,안중,17104.8
2026-09-29,12,서화성,17101.2
2026-09-29,12,안중,17101.2
2026-09-29,13,서화성,16907.6
2026-09-29,13,안중,16907.6
2026-09-29,14,서화성,17658.6
2026-09-29,14,안중,17658.6
2026-09-29,15,서화성,18202.8
2026-09-29,15,안중,18202.8
2026-09-29,16,서화성,18538.4
2026-09-29,16,안중,18538.4
2026-09-29,17,서화성,18768.2
2026-09-29,17,안중,18768.2
2026-09-29,18,서화성,18425.8
2026-09-29,18,안중,18425.8
2026-09-29,19,서화성,18056.2
2026-09-29,19,안중,18056.2
2026-09-29,20,서화성,17785.6
2026-09-29,20,안중,17785.6
2026-09-29,21,서화성,17123.6
2026-09-29,21,안중,17123.6
2026-09-29,22,서화성,16245.8
2026-09-29,22,안중,16245.8
2026-09-29,23,서화성,15498.6
2026-09-29,23,안중,15498.6
2026-09-30,0,서화성,12471.2
2026-09-30,0,안중,12471.2
2026-09-30,1,서화성,11911.4
2026-09-30,1,안중,11911.4
2026-09-30,2,서화성,11445.8
2026-09-30,2,안중,11445.8
2026-09-30,3,서화성,11187.8
2026-09-30,3,안중,11187.8
2026-09-30,4,서화성,11128.4
2026-09-30,4,안중,11128.4
2026-09-30,5,서화성,11304.2
2026-09-30,5,안중,11304.2
2026-09-30,6,서화성,11805.8
2026-09-30,6,안중,11805.8
2026-09-30,7,서화성,12759.2
2026-09-30,7,안중,12759.2
2026-09-30,8,서화성,14273.8
2026-09-30,8,안중,14273.8
2026-09-30,9,서화성,15863
2026-09-30,9,안중,15863
2026-09-30,10,서화성,15881.2
2026-09-30,10,안중,15881.2
2026-09-30,11,서화성,15327.6
2026-09-30,11,안중,15327.6
2026-09-30,12,서화성,14647
2026-09-30,12,안중,14647
2026-09-30,13,서화성,13838.6
2026-09-30,13,안중,13838.6
2026-09-30,14,서화성,14377.8
2026-09-30,14,안중,14377.8
2026-09-30,15,서화성,14786
2026-09-30,15,안중,14786
2026-09-30,16,서화성,15333.8
2026-09-30,16,안중,15333.8
2026-09-30,17,서화성,16055.6
2026-09-30,17,안중,16055.6
2026-09-30,18,서화성,16436.4
2026-09-30,18,안중,16436.4
2026-09-30,19,서화성,16379.4
2026-09-30,19,안중,16379.4
2026-09-30,20,서화성,16054.4
2026-09-30,20,안중,16054.4
2026-09-30,21,서화성,15450.8
2026-09-30,21,안중,15450.8
2026-09-30,22,서화성,14901.6
2026-09-30,22,안중,14901.6
2026-09-30,23,서화성,14761
2026-09-30,23,안중,14761
2026-10-01,0,서화성,14857.4
2026-10-01,0,안중,14857.4
2026-10-01,1,서화성,13832
2026-10-01,1,안중,13832
2026-10-01,2,서화성,13280.2
2026-10-01,2,안중,13280.2
2026-10-01,3,서화성,12898.6
2026-10-01,3,안중,12898.6
2026-10-01,4,서화성,12675.8
2026-10-01,4,안중,12675.8
2026-10-01,5,서화성,12639
2026-10-01,5,안중,12639
2026-10-01,6,서화성,12933.8
2026-10-01,6,안중,12933.8
2026-10-01,7,서화성,13608.8
2026-10-01,7,안중,13608.8
2026-10-01,8,서화성,14736.2
2026-10-01,8,안중,14736.2
2026-10-01,9,서화성,16017.8
2026-10-01,9,안중,16017.8
2026-10-01,10,서화성,16834.6
2026-10-01,10,안중,16834.6
2026-10-01,11,서화성,17128.8
2026-10-01,11,안중,17128.8
2026-10-01,12,서화성,16979.6
2026-10-01,12,안중,16979.6
2026-10-01,13,서화성,16608.8
2026-10-01,13,안중,16608.8
2026-10-01,14,서화성,17232.4
2026-10-01,14,안중,17232.4
2026-10-01,15,서화성,17588.2
2026-10-01,15,안중,17588.2
2026-10-01,16,서화성,17876
2026-10-01,16,안중,17876
2026-10-01,17,서화성,18248.2
2026-10-01,17,안중,18248.2
2026-10-01,18,서화성,18317.6
2026-10-01,18,안중,18317.6
2026-10-01,19,서화성,18348.4
2026-10-01,19,안중,18348.4
2026-10-01,20,서화성,18222.4
2026-10-01,20,안중,18222.4
2026-10-01,21,서화성,17524
2026-10-01,21,안중,17524
2026-10-01,22,서화성,16635.8
2026-10-01,22,안중,16635.8
2026-10-01,23,서화성,15875.2
2026-10-01,23,안중,15875.2
2026-10-02,0,서화성,14620.6
2026-10-02,0,안중,14620.6
2026-10-02,1,서화성,13530.4
2026-10-02,1,안중,13530.4
2026-10-02,2,서화성,12933.2
2026-10-02,2,안중,12933.2
2026-10-02,3,서화성,12574.4
2026-10-02,3,안중,12574.4
2026-10-02,4,서화성,12315.2
2026-10-02,4,안중,12315.2
2026-10-02,5,서화성,12272
2026-10-02,5,안중,12272
2026-10-02,6,서화성,12467
2026-10-02,6,안중,12467
2026-10-02,7,서화성,13161
2026-10-02,7,안중,13161
2026-10-02,8,서화성,14209.8
2026-10-02,8,안중,14209.8
2026-10-02,9,서화성,15450.2
2026-10-02,9,안중,15450.2
2026-10-02,10,서화성,16197
2026-10-02,10,안중,16197
2026-10-02,11,서화성,16314
2026-10-02,11,안중,16314
2026-10-02,12,서화성,16148.4
2026-10-02,12,안중,16148.4
2026-10-02,13,서화성,15835.2
2026-10-02,13,안중,15835.2
2026-10-02,14,서화성,16612
2026-10-02,14,안중,16612
2026-10-02,15,서화성,16931.4
2026-10-02,15,안중,16931.4
2026-10-02,16,서화성,17093
2026-10-02,16,안중,17093
2026-10-02,17,서화성,17507.2
2026-10-02,17,안중,17507.2
2026-10-02,18,서화성,17678.6
2026-10-02,18,안중,17678.6
2026-10-02,19,서화성,17813.8
2026-10-02,19,안중,17813.8
2026-10-02,20,서화성,17730.8
2026-10-02,20,안중,17730.8
2026-10-02,21,서화성,17266.8
2026-10-02,21,안중,17266.8
2026-10-02,22,서화성,16453.8
2026-10-02,22,안중,16453.8
2026-10-02,23,서화성,15640.6
2026-10-02,23,안중,15640.6
2026-10-03,0,서화성,13897.4
2026-10-03,0,안중,13897.4
2026-10-03,1,서화성,13139.2
2026-10-03,1,안중,13139.2
2026-10-03,2,서화성,12628.2
2026-10-03,2,안중,12628.2
2026-10-03,3,서화성,12332.8
2026-10-03,3,안중,12332.8
2026-10-03,4,서화성,12238.8
2026-10-03,4,안중,12238.8
2026-10-03,5,서화성,12316.2
2026-10-03,5,안중,12316.2
2026-10-03,6,서화성,12660.2
2026-10-03,6,안중,12660.2
2026-10-03,7,서화성,13373.8
2026-10-03,7,안중,13373.8
2026-10-03,8,서화성,14505.6
2026-10-03,8,안중,14505.6
2026-10-03,9,서화성,16047
2026-10-03,9,안중,16047
2026-10-03,10,서화성,16684.4
2026-10-03,10,안중,16684.4
2026-10-03,11,서화성,16507
2026-10-03,11,안중,16507
2026-10-03,12,서화성,15952.8
2026-10-03,12,안중,15952.8
2026-10-03,13,서화성,15077.2
2026-10-03,13,안중,15077.2
2026-10-03,14,서화성,15770.2
2026-10-03,14,안중,15770.2
2026-10-03,15,서화성,16027.4
2026-10-03,15,안중,16027.4
2026-10-03,16,서화성,16064
2026-10-03,16,안중,16064
2026-10-03,17,서화성,16255.2
2026-10-03,17,안중,16255.2
2026-10-03,18,서화성,16169.8
2026-10-03,18,안중,16169.8
2026-10-03,19,서화성,15844.6
2026-10-03,19,안중,15844.6
2026-10-03,20,서화성,15486.2
2026-10-03,20,안중,15486.2
2026-10-03,21,서화성,14955.8
2026-10-03,21,안중,14955.8
2026-10-03,22,서화성,14476.6
2026-10-03,22,안중,14476.6
2026-10-03,23,서화성,14415.4
2026-10-03,23,안중,14415.4
2026-10-04,0,서화성,14613
2026-10-04,0,안중,14613
2026-10-04,1,서화성,13518.4
2026-10-04,1,안중,13518.4
2026-10-04,2,서화성,12915.8
2026-10-04,2,안중,12915.8
2026-10-04,3,서화성,12521.4
2026-10-04,3,안중,12521.4
2026-10-04,4,서화성,12249.2
2026-10-04,4,안중,12249.2
2026-10-04,5,서화성,12212.6
2026-10-04,5,안중,12212.6
2026-10-04,6,서화성,12399
2026-10-04,6,안중,12399
2026-10-04,7,서화성,13041.2
2026-10-04,7,안중,13041.2
2026-10-04,8,서화성,13959.2
2026-10-04,8,안중,13959.2
2026-10-04,9,서화성,15109
2026-10-04,9,안중,15109
2026-10-04,10,서화성,15837
2026-10-04,10,안중,15837
2026-10-04,11,서화성,16126.2
2026-10-04,11,안중,16126.2
2026-10-04,12,서화성,15992.4
2026-10-04,12,안중,15992.4
2026-10-04,13,서화성,15703.6
2026-10-04,13,안중,15703.6
2026-10-04,14,서화성,16398
2026-10-04,14,안중,16398
2026-10-04,15,서화성,16779.8
2026-10-04,15,안중,16779.8
2026-10-04,16,서화성,17135.4
2026-10-04,16,안중,17135.4
2026-10-04,17,서화성,17749.8
2026-10-04,17,안중,17749.8
2026-10-04,18,서화성,18076.2
2026-10-04,18,안중,18076.2
2026-10-04,19,서화성,18275.8
2026-10-04,19,안중,18275.8
2026-10-04,20,서화성,18113.4
2026-10-04,20,안중,18113.4
2026-10-04,21,서화성,17545.4
2026-10-04,21,안중,17545.4
2026-10-04,22,서화성,16606.2
2026-10-04,22,안중,16606.2
2026-10-04,23,서화성,15750.6
2026-10-04,23,안중,15750.6
2026-10-05,0,서화성,14495.4
2026-10-05,0,안중,14495.4
2026-10-05,1,서화성,13765.4
2026-10-05,1,안중,13765.4
2026-10-05,2,서화성,13232.8
2026-10-05,2,안중,13232.8
2026-10-05,3,서화성,12924.8
2026-10-05,3,안중,12924.8
2026-10-05,4,서화성,12800
2026-10-05,4,안중,12800
2026-10-05,5,서화성,12835
2026-10-05,5,안중,12835
2026-10-05,6,서화성,13235
2026-10-05,6,안중,13235
2026-10-05,7,서화성,14039.4
2026-10-05,7,안중,14039.4
2026-10-05,8,서화성,15321.4
2026-10-05,8,안중,15321.4
2026-10-05,9,서화성,16894.2
2026-10-05,9,안중,16894.2
2026-10-05,10,서화성,17141
2026-10-05,10,안중,17141
2026-10-05,11,서화성,16813.4
2026-10-05,11,안중,16813.4
2026-10-05,12,서화성,16308.8
2026-10-05,12,안중,16308.8
2026-10-05,13,서화성,15583.2
2026-10-05,13,안중,15583.2
2026-10-05,14,서화성,16191.6
2026-10-05,14,안중,16191.6
2026-10-05,15,서화성,16488
2026-10-05,15,안중,16488
2026-10-05,16,서화성,16741.8
2026-10-05,16,안중,16741.8
2026-10-05,17,서화성,16899.4
2026-10-05,17,안중,16899.4
2026-10-05,18,서화성,16766.6
2026-10-05,18,안중,16766.6
2026-10-05,19,서화성,16417.8
2026-10-05,19,안중,16417.8
2026-10-05,20,서화성,16034.8
2026-10-05,20,안중,16034.8
2026-10-05,21,서화성,15449.6
2026-10-05,21,안중,15449.6
2026-10-05,22,서화성,14935
2026-10-05,22,안중,14935
2026-10-05,23,서화성,14874.4
2026-10-05,23,안중,14874.4
2026-10-06,0,서화성,12305.4
2026-10-06,0,안중,12305.4
2026-10-06,1,서화성,11568.6
2026-10-06,1,안중,11568.6
2026-10-06,2,서화성,11044.8
2026-10-06,2,안중,11044.8
2026-10-06,3,서화성,10701.8
2026-10-06,3,안중,10701.8
2026-10-06,4,서화성,10522.4
2026-10-06,4,안중,10522.4
2026-10-06,5,서화성,10527.2
2026-10-06,5,안중,10527.2
2026-10-06,6,서화성,10858.8
2026-10-06,6,안중,10858.8
2026-10-06,7,서화성,11628.4
2026-10-06,7,안중,11628.4
2026-10-06,8,서화성,12958.8
2026-10-06,8,안중,12958.8
2026-10-06,9,서화성,14566.2
2026-10-06,9,안중,14566.2
2026-10-06,10,서화성,15489.6
2026-10-06,10,안중,15489.6
2026-10-06,11,서화성,15890.6
2026-10-06,11,안중,15890.6
2026-10-06,12,서화성,15993.8
2026-10-06,12,안중,15993.8
2026-10-06,13,서화성,15969.2
2026-10-06,13,안중,15969.2
2026-10-06,14,서화성,16646.8
2026-10-06,14,안중,16646.8
2026-10-06,15,서화성,17078.8
2026-10-06,15,안중,17078.8
2026-10-06,16,서화성,17407.6
2026-10-06,16,안중,17407.6
2026-10-06,17,서화성,17647.4
2026-10-06,17,안중,17647.4
2026-10-06,18,서화성,17597.4
2026-10-06,18,안중,17597.4
2026-10-06,19,서화성,17609.2
2026-10-06,19,안중,17609.2
2026-10-06,20,서화성,17493
2026-10-06,20,안중,17493
2026-10-06,21,서화성,16647.8
2026-10-06,21,안중,16647.8
2026-10-06,22,서화성,15694
2026-10-06,22,안중,15694
2026-10-06,23,서화성,14900
2026-10-06,23,안중,14900
2026-10-07,0,서화성,14572.2
2026-10-07,0,안중,14572.2
2026-10-07,1,서화성,13540.4
2026-10-07,1,안중,13540.4
2026-10-07,2,서화성,12874.4
2026-10-07,2,안중,12874.4
2026-10-07,3,서화성,12460.4
2026-10-07,3,안중,12460.4
2026-10-07,4,서화성,12190
2026-10-07,4,안중,12190
2026-10-07,5,서화성,12119.2
2026-10-07,5,안중,12119.2
2026-10-07,6,서화성,12283.8
2026-10-07,6,안중,12283.8
2026-10-07,7,서화성,12878
2026-10-07,7,안중,12878
2026-10-07,8,서화성,13764.2
2026-10-07,8,안중,13764.2
2026-10-07,9,서화성,14913.4
2026-10-07,9,안중,14913.4
2026-10-07,10,서화성,15754.8
2026-10-07,10,안중,15754.8
2026-10-07,11,서화성,16115.8
2026-10-07,11,안중,16115.8
2026-10-07,12,서화성,16064.4
2026-10-07,12,안중,16064.4
2026-10-07,13,서화성,15852.4
2026-10-07,13,안중,15852.4
2026-10-07,14,서화성,16406
2026-10-07,14,안중,16406
2026-10-07,15,서화성,16787
2026-10-07,15,안중,16787
2026-10-07,16,서화성,17114.8
2026-10-07,16,안중,17114.8
2026-10-07,17,서화성,17691.4
2026-10-07,17,안중,17691.4
2026-10-07,18,서화성,18069
2026-10-07,18,안중,18069
2026-10-07,19,서화성,18198.2
2026-10-07,19,안중,18198.2
2026-10-07,20,서화성,18070.4
2026-10-07,20,안중,18070.4
2026-10-07,21,서화성,17508.4
2026-10-07,21,안중,17508.4
2026-10-07,22,서화성,16536.4
2026-10-07,22,안중,16536.4
2026-10-07,23,서화성,15659.8
2026-10-07,23,안중,15659.8
2026-10-08,0,서화성,14565.2
2026-10-08,0,안중,14565.2
2026-10-08,1,서화성,13522.2
2026-10-08,1,안중,13522.2
2026-10-08,2,서화성,12942.2
2026-10-08,2,안중,12942.2
2026-10-08,3,서화성,12552.2
2026-10-08,3,안중,12552.2
2026-10-08,4,서화성,12323.8
2026-10-08,4,안중,12323.8
2026-10-08,5,서화성,12284
2026-10-08,5,안중,12284
2026-10-08,6,서화성,12432.8
2026-10-08,6,안중,12432.8
2026-10-08,7,서화성,13038.6
2026-10-08,7,안중,13038.6
2026-10-08,8,서화성,14034.8
2026-10-08,8,안중,14034.8
2026-10-08,9,서화성,15428.6
2026-10-08,9,안중,15428.6
2026-10-08,10,서화성,16290.4
2026-10-08,10,안중,16290.4
2026-10-08,11,서화성,16640
2026-10-08,11,안중,16640
2026-10-08,12,서화성,16644.2
2026-10-08,12,안중,16644.2
2026-10-08,13,서화성,16298
2026-10-08,13,안중,16298
2026-10-08,14,서화성,16894.4
2026-10-08,14,안중,16894.4
2026-10-08,15,서화성,17340.2
2026-10-08,15,안중,17340.2
2026-10-08,16,서화성,17678.6
2026-10-08,16,안중,17678.6
2026-10-08,17,서화성,18050.8
2026-10-08,17,안중,18050.8
2026-10-08,18,서화성,17952.8
2026-10-08,18,안중,17952.8
2026-10-08,19,서화성,17933
2026-10-08,19,안중,17933
2026-10-08,20,서화성,17829.4
2026-10-08,20,안중,17829.4
2026-10-08,21,서화성,17279.8
2026-10-08,21,안중,17279.8
2026-10-08,22,서화성,16305.2
2026-10-08,22,안중,16305.2
2026-10-08,23,서화성,15558.2
2026-10-08,23,안중,15558.2
2026-10-09,0,서화성,15351.4
2026-10-09,0,안중,15351.4
2026-10-09,1,서화성,14249.2
2026-10-09,1,안중,14249.2
2026-10-09,2,서화성,13625.4
2026-10-09,2,안중,13625.4
2026-10-09,3,서화성,13227.2
2026-10-09,3,안중,13227.2
2026-10-09,4,서화성,12993.4
2026-10-09,4,안중,12993.4
2026-10-09,5,서화성,12907
2026-10-09,5,안중,12907
2026-10-09,6,서화성,13092.2
2026-10-09,6,안중,13092.2
2026-10-09,7,서화성,13813
2026-10-09,7,안중,13813
2026-10-09,8,서화성,15060.8
2026-10-09,8,안중,15060.8
2026-10-09,9,서화성,16622
2026-10-09,9,안중,16622
2026-10-09,10,서화성,17631.8
2026-10-09,10,안중,17631.8
2026-10-09,11,서화성,18101.2
2026-10-09,11,안중,18101.2
2026-10-09,12,서화성,18225.4
2026-10-09,12,안중,18225.4
2026-10-09,13,서화성,18015.8
2026-10-09,13,안중,18015.8
2026-10-09,14,서화성,18630.4
2026-10-09,14,안중,18630.4
2026-10-09,15,서화성,19032
2026-10-09,15,안중,19032
2026-10-09,16,서화성,19303.8
2026-10-09,16,안중,19303.8
2026-10-09,17,서화성,19423
2026-10-09,17,안중,19423
2026-10-09,18,서화성,19314.8
2026-10-09,18,안중,19314.8
2026-10-09,19,서화성,19246.6
2026-10-09,19,안중,19246.6
2026-10-09,20,서화성,19158.4
2026-10-09,20,안중,19158.4
2026-10-09,21,서화성,18352.8
2026-10-09,21,안중,18352.8
2026-10-09,22,서화성,17382.2
2026-10-09,22,안중,17382.2
2026-10-09,23,서화성,16464.8
2026-10-09,23,안중,16464.8
2026-10-10,0,서화성,15019.6
2026-10-10,0,안중,15019.6
2026-10-10,1,서화성,13933.6
2026-10-10,1,안중,13933.6
2026-10-10,2,서화성,13314.6
2026-10-10,2,안중,13314.6
2026-10-10,3,서화성,12915.2
2026-10-10,3,안중,12915.2
2026-10-10,4,서화성,12647
2026-10-10,4,안중,12647
2026-10-10,5,서화성,12543.4
2026-10-10,5,안중,12543.4
2026-10-10,6,서화성,12689
2026-10-10,6,안중,12689
2026-10-10,7,서화성,13333.8
2026-10-10,7,안중,13333.8
2026-10-10,8,서화성,14429
2026-10-10,8,안중,14429
2026-10-10,9,서화성,15857
2026-10-10,9,안중,15857
2026-10-10,10,서화성,16765.4
2026-10-10,10,안중,16765.4
2026-10-10,11,서화성,16971.4
2026-10-10,11,안중,16971.4
2026-10-10,12,서화성,16841.8
2026-10-10,12,안중,16841.8
2026-10-10,13,서화성,16601.6
2026-10-10,13,안중,16601.6
2026-10-10,14,서화성,17216.2
2026-10-10,14,안중,17216.2
2026-10-10,15,서화성,17550
2026-10-10,15,안중,17550
2026-10-10,16,서화성,17896
2026-10-10,16,안중,17896
2026-10-10,17,서화성,18328.2
2026-10-10,17,안중,18328.2
2026-10-10,18,서화성,18428.2
2026-10-10,18,안중,18428.2
2026-10-10,19,서화성,18465.2
2026-10-10,19,안중,18465.2
2026-10-10,20,서화성,18335
2026-10-10,20,안중,18335
2026-10-10,21,서화성,17716
2026-10-10,21,안중,17716
2026-10-10,22,서화성,16816.6
2026-10-10,22,안중,16816.6
2026-10-10,23,서화성,16005.8
2026-10-10,23,안중,16005.8
2026-10-11,0,서화성,14398.2
2026-10-11,0,안중,14398.2
2026-10-11,1,서화성,13432.4
2026-10-11,1,안중,13432.4
2026-10-11,2,서화성,12902.6
2026-10-11,2,안중,12902.6
2026-10-11,3,서화성,12564.8
2026-10-11,3,안중,12564.8
2026-10-11,4,서화성,12344.2
2026-10-11,4,안중,12344.2
2026-10-11,5,서화성,12297
2026-10-11,5,안중,12297
2026-10-11,6,서화성,12554
2026-10-11,6,안중,12554
2026-10-11,7,서화성,13240
2026-10-11,7,안중,13240
2026-10-11,8,서화성,14231.6
2026-10-11,8,안중,14231.6
2026-10-11,9,서화성,15357.4
2026-10-11,9,안중,15357.4
2026-10-11,10,서화성,16069.8
2026-10-11,10,안중,16069.8
2026-10-11,11,서화성,16324.4
2026-10-11,11,안중,16324.4
2026-10-11,12,서화성,16310
2026-10-11,12,안중,16310
2026-10-11,13,서화성,16107.4
2026-10-11,13,안중,16107.4
2026-10-11,14,서화성,16951
2026-10-11,14,안중,16951
2026-10-11,15,서화성,17369.8
2026-10-11,15,안중,17369.8
2026-10-11,16,서화성,17808.2
2026-10-11,16,안중,17808.2
2026-10-11,17,서화성,18399.2
2026-10-11,17,안중,18399.2
2026-10-11,18,서화성,18617
2026-10-11,18,안중,18617
2026-10-11,19,서화성,18521.6
2026-10-11,19,안중,18521.6
2026-10-11,20,서화성,18262.2
2026-10-11,20,안중,18262.2
2026-10-11,21,서화성,17380
2026-10-11,21,안중,17380
2026-10-11,22,서화성,16410.4
2026-10-11,22,안중,16410.4
2026-10-11,23,서화성,15645.4
2026-10-11,23,안중,15645.4
