기간,01시,02시,03시,04시,05시,06시,07시,08시,09시,10시,11시,12시,13시,14시,15시,16시,17시,18시,19시,20시,21시,22시,23시,24시,최대,최소,가중평균
2025/12/31,72.34,69.88,69.88,69.88,69.88,71.92,74.14,85.96,116.83,116.88,94.97,94.97,94.97,88.09,94.54,84.41,86.07,78.62,78.65,109.08,109.08,93.2,101.14,75.82,116.88,69.88,88.44
2025/12/30,94.52,110.83,94.95,94.95,94.95,94.95,82.09,95.18,130.68,95.18,94.74,92.09,43.06,87.66,87.65,84.48,95,126.72,95,95,118.78,82.09,117.63,89.38,130.68,43.06,96.23
2025/12/29,67.45,67.45,67.45,67.45,67.45,67.45,67.45,75.14,113.17,117.85,94.32,88.07,86.07,87.66,87.66,87.66,86.07,114.13,114.13,114.1,84.78,77.39,77.39,77.39,117.85,67.45,87.31
2025/12/28,72.5,68.39,68.3,68.3,68.3,68.3,70.09,72.7,70.44,68.3,68.3,66.81,65.39,66.81,68.3,68.3,71.7,71.9,72.1,124.75,124.75,72.1,72.3,72.3,124.75,65.39,74.85
2025/12/27,80.72,72.42,72.35,71.85,71.75,71.75,73.04,73.04,73.04,72.84,71.36,69.05,67.76,68.39,115.47,72.34,75.23,75.24,75.24,75.24,75.24,75.24,75.24,75.24,115.47,67.76,75.01
2025/12/26,79.34,73.31,73.31,73.31,73.31,73.31,73.31,94.64,118.16,118.3,94.41,93.43,91.74,92.26,92.26,92.26,95.4,95.4,95.45,95.45,93.95,109.89,109.89,91.23,118.3,73.31,92.54
2025/12/25,84.3,79.04,73.49,72.23,71.92,72.23,73.94,84.3,79.13,71.92,68.82,68.09,66.69,68.54,68.82,106.27,114.23,94.35,94.61,84.3,84.3,84.3,94.32,94.61,114.23,66.69,82.03
2025/12/24,73.32,73.32,73.32,73.32,73.32,73.32,73.32,82.34,115.78,131.2,125.57,117.63,109.68,111.94,94.09,129.88,109.68,82.34,109.68,82.34,74.66,74.43,74.23,72.98,131.2,72.98,94.04
2025/12/23,76.07,73.32,73.32,73.32,73.32,73.32,76.07,95.58,96.48,96.42,94.22,94.22,117.2,94.22,96.42,115.96,95.58,96.42,95.58,95.04,112.23,79.31,79.31,79.31,117.2,73.32,90.63
2025/12/22,79.34,69.62,69.62,69.62,69.62,69.62,72.53,93.54,96.74,96.74,96.3,90.68,76.69,90.82,91.75,95.39,95.65,97.41,125.29,125.29,95.72,91.9,109.14,92.67,125.29,69.62,91.55
2025/12/21,72.1,71.34,70.18,68.55,69.99,70.53,71.34,72.7,72.7,70.53,68.29,68.01,68.01,68.01,68.29,70.26,72.5,79.18,79.39,79.92,79.92,79.92,79.92,79.92,79.92,68.01,73.31
2025/12/20,77.95,71.16,71.16,70.99,70.99,71.16,71.16,71.16,71.16,71.16,71.16,71.16,70.69,71.16,71.16,71.16,71.16,71.16,71.16,71.16,71.16,71.44,71.44,71.64,77.95,70.69,71.46
2025/12/19,74.46,73.31,73.31,73.31,73.31,73.31,74.46,117.23,115.76,95.15,116.77,116.65,117.23,94.63,93.34,94.63,94.63,87.65,117.23,117.23,101.35,74.46,74.46,93.4,117.23,73.31,94.35
2025/12/18,112.91,73.34,73.34,73.34,73.34,73.34,74.76,95.46,97.86,95.46,95.46,94.1,67.88,94.1,92.74,92.74,95.46,95.46,95.46,113.33,117.46,101.58,101.58,101.58,117.46,67.88,92.49
2025/12/17,74.72,73.27,73.27,73.27,73.27,73.27,74.72,93.27,113.69,129.1,119.74,95.45,116.46,93.25,93.25,93.25,93.25,93.26,93.27,111.03,118.01,111.03,111.03,101.52,129.1,73.27,96.9
2025/12/16,79.34,73.27,73.27,73.27,73.27,73.27,73.27,94.14,96.33,118.72,118.99,118.65,121.58,118.75,94.14,96.17,94.14,94.14,94.14,94.14,92.78,99.13,107.07,91.18,121.58,73.27,95.43
2025/12/15,79.34,70.26,69.53,69.53,69.53,70.26,71.99,112.07,115.99,114.7,95.99,95.05,92.39,95.38,95.86,95.9,114.1,95.99,95.99,95.99,92.39,82.15,98.65,98.65,115.99,69.53,92.71
2025/12/14,79.1,71,71,71,71,71,71,73.87,71,69.61,66.47,66.47,66.47,66.47,66.47,70.15,73.87,79.1,123.24,123.24,79.92,79.92,79.92,79.92,123.24,66.47,77.44
2025/12/13,79.03,72.53,71.95,69.91,69.91,70.6,73.13,79.11,79.08,72.48,71.64,70.6,70.2,72.48,77.85,78.76,115.48,123.41,123.41,123.41,78.87,78.87,78.87,78.87,123.41,69.91,83.04
2025/12/12,74.98,71.34,70.07,70.07,70.07,71.17,74.98,92.89,96.71,114.81,114.83,96.54,95.61,96.05,96.46,95.56,115.62,115.62,92.89,92.89,76.75,74.98,99.73,91.78,115.62,70.07,91.12
2025/12/11,105.14,90.65,73.17,73.17,73.17,73.17,98.6,94.22,114.49,135.02,116.58,116.53,122.43,94.22,94.27,122.43,94.43,94.59,94.5,94.5,93.29,106.54,98.6,98.6,135.02,73.17,99.93
2025/12/10,79.56,73.36,73.36,73.36,73.36,73.36,73.36,93.28,94.65,115.22,115.22,115.21,119.27,94.06,113.64,94.06,93.59,93.41,93.37,93.41,77.81,95.44,95.44,95.44,119.27,73.36,93.06
2025/12/09,73.38,73.38,73.38,73.38,73.38,73.38,76.6,93.64,115.99,116,115.84,110.99,114.67,93.64,95,93.64,114.67,114.67,114.67,114.67,106.73,76.26,76.26,76.26,116,73.38,95.55
2025/12/08,77.28,68.97,68.97,68.97,68.97,71.33,72.79,79.56,120.73,117.93,93.36,112.78,96.9,112.78,120.73,98.24,120.73,112.78,112.78,112.78,104.84,96.9,104.84,104.84,120.73,68.97,98.85
2025/12/07,72.47,70.62,70.62,70.62,70.62,72.71,76.44,76.44,76.44,74.1,72.71,66.92,58.76,0,66.38,66.92,86.6,86.7,94.43,94.43,94.43,94.43,94.43,94.43,94.43,0,76.45
2025/12/06,107.02,107.02,90.44,78.17,91.99,91.99,87.98,93.15,93.15,76.26,140.21,132.28,6.28,68.21,71.68,74.12,90.59,93.15,93.15,93.15,93.15,93.15,93.15,106.83,140.21,6.28,90.86
2025/12/05,74.94,73.31,73.31,73.31,73.31,73.54,76.78,113.81,115.9,115.9,115.2,111.09,100.88,92.39,93.75,100.88,112.43,112.43,116.76,112.23,116.97,92.39,93.6,91.03,116.97,73.31,98.26
2025/12/04,74.55,73.27,73.27,73.27,73.27,73.27,74.55,113.54,114.67,126.61,114.57,114.31,91.91,93.4,93.4,116.85,116.69,116.66,113.89,113.9,93.04,74.85,77.78,77.78,126.61,73.27,96.66
2025/12/03,78.95,73.27,73.27,73.27,73.27,73.27,73.27,107.38,112.89,112.82,112.84,109.38,108.33,111.98,112.84,123.62,112.84,112.84,112.84,112.84,112.84,107.38,87.02,107.25,123.62,73.27,101.57
2025/12/02,73.53,73.53,68.96,68.96,68.96,73.53,73.53,113.4,114.34,114.34,114.34,114.34,113.4,114.4,114.4,113.4,113.4,113.4,113.4,114.34,114.34,106.39,85.67,75.39,114.4,68.96,99.97
2025/12/01,70.53,68.64,68.64,68.64,68.64,69.46,70.53,92.27,115.65,119.21,119.21,93.63,72.42,111.27,95.38,111.27,119.21,119.21,119.21,119.21,119.21,79.03,79.03,79.03,119.21,68.64,96.01
2025/11/30,70.88,69.05,67.96,67.79,67.79,67.95,69.05,69.05,67.79,67.21,67.02,66.27,65.62,65.62,67.02,67.4,69.05,69.05,69.05,69.05,71.52,71.52,71.52,71.52,71.52,65.62,68.68
2025/11/29,101.74,84.05,71.04,76.54,78.03,84.05,91.96,91.96,84.05,67.96,67.96,66.67,0,65.62,67.96,82.37,91.15,91.23,91.23,92.98,92.98,91.52,91.28,91.53,101.74,0,81.02
2025/11/28,86.57,72.37,72.37,72.37,72.37,73.06,89.47,106.03,117.02,112.87,112.9,90.55,89.53,106,109.23,105.95,117.02,109.23,109.23,109.23,109.23,101.43,101.43,101.43,117.02,72.37,98.85
2025/11/27,75.15,72.29,72.29,72.29,72.29,72.29,75.54,88.15,105.59,113.39,116.57,116.57,105.01,100.07,93.91,90.3,90.3,89.87,106.49,106.49,106.49,82.01,82.54,78.14,116.57,72.29,92.16
2025/11/26,71.23,67.71,67.71,67.71,67.71,68.09,75.15,92.71,120.01,120.01,104.92,104.92,0,89.96,89.96,89.96,89.87,89.96,115.49,91.15,91.15,78.44,78.44,78.44,120.01,0,85.1
2025/11/25,68.75,67.75,67.75,67.75,67.75,67.75,70.83,83.99,109.56,117.36,119.36,104.9,104.9,104.9,104.9,104.9,104.9,104.9,104.9,104.84,76.41,74.26,76.41,75.55,119.36,67.75,91.41
2025/11/24,68.65,68.21,68.21,68.21,68.21,68.21,68.65,76,108.17,105.37,105.37,109.01,107.43,107.43,76.85,105.37,105.37,105.37,105.37,105.37,83.99,76.85,76.07,76.11,109.01,68.21,89.64
2025/11/23,89.64,73.64,73.64,73.64,73.64,73.64,73.64,73.64,69.96,64.55,63.54,52.02,56.78,56.78,64.55,67.82,69.96,73.43,73.43,73.43,73.64,73.64,73.64,73.64,89.64,52.02,70.65
2025/11/22,110.59,74.91,70.88,75.12,70.88,86.49,91.96,91.96,73.74,66.38,65.78,64.1,0,64.1,65.78,70.77,109.75,91.28,109.63,91.39,91.39,91.43,91.51,91.28,110.59,0,81.32
2025/11/21,72.24,67.88,67.87,67.87,67.87,70.22,84.19,90.13,94.29,120.01,112.02,90.84,67.87,90.26,90.64,90.84,90.84,90.84,90.84,112.87,89.48,89.48,89.48,89.48,120.01,67.87,87.91
2025/11/20,85.53,73.24,73.24,73.24,73.24,73.46,89.22,90.13,115.77,115.77,115.77,111.59,105.87,111.58,111.58,123.29,111.59,105.88,105.88,89.7,83.99,73.46,73.46,73.46,123.29,73.24,95.09
2025/11/19,92.11,73.72,73.23,73.23,73.23,73.72,92.61,92.08,123.66,110.8,124.6,110.8,110.8,110.8,110.8,110.8,110.8,110.8,110.8,110.8,110.8,89.77,89.44,104.13,124.6,73.23,100.68
2025/11/18,105.99,88.37,85.65,85.65,85.65,90.13,103.43,106.94,122.7,122.71,107.57,114.12,107.23,107.56,114.12,108.44,119.33,106.94,106.94,106.94,106.94,106.94,106.94,102.88,122.71,85.65,105.77
2025/11/17,113.24,72.29,72.29,72.29,72.29,72.29,88.55,106.9,109.65,109.43,110.88,110.41,109.65,109.35,109.41,124.53,109.65,109.6,108.16,108.35,124.7,106.06,106.06,104.52,124.7,72.29,103.36
2025/11/16,89.56,82.52,71.74,76.69,71.74,84.9,85.98,81.99,69.38,67.59,67.59,65.64,0,66.34,67.59,68.68,80.6,90.49,90.49,90.49,90.49,90.49,90.49,90.49,90.49,0,77.97
2025/11/15,90.55,89.46,89.14,81.76,88.97,89.69,89.79,89.79,88.77,69.36,67.9,67.12,0,66.6,67.9,70.16,89.33,90.48,90.23,90.23,90.85,119.29,90.23,90.66,119.29,0,83.24
2025/11/14,93.16,73.39,73.39,73.39,73.39,73.39,91.98,105.92,110.81,110.79,110.45,108.59,106.58,106.58,106.58,108.59,108.36,106.58,106.58,105.9,105.91,125.66,105.89,97.81,125.66,73.39,100.25
2025/11/13,90.36,78.89,78.78,78.78,78.78,78.78,94.01,115.5,152.09,116.86,116.72,113.79,104.01,104.91,110.14,108.43,108.44,108.41,104.46,104.47,92.62,91.82,92.21,97.54,152.09,78.78,101.47
2025/11/12,90.36,81.38,78.97,73.35,78.21,88.52,109.9,110.2,113.08,115.55,110.7,110.11,106.43,106.8,108.43,108.42,115.29,115.66,119.66,115.66,106.43,104.73,104.73,104.73,119.66,73.35,104.02
2025/11/11,106.07,88.25,83.21,83.21,83.21,88.51,108.99,116.25,109.76,114.74,123.2,109.47,107.99,109.41,109.68,109.23,109.24,128.15,128.21,119.79,119.79,119.79,109.29,104.78,128.21,83.21,109.07
2025/11/10,72.44,72.44,72.44,72.44,72.44,72.44,90.88,104.25,122.29,110.52,110.52,110.06,106.29,108.3,104.59,106.29,111.6,112.13,119.52,112.11,111.88,111.88,111.88,104.29,122.29,72.44,101.84
2025/11/09,72.52,71.17,69.81,68.35,68.35,70.58,76.82,76.82,70.34,67.59,79.83,66.27,56.52,65.65,67.59,67.59,71.17,79.51,89.93,89.67,89.67,80.09,80.09,80.09,89.93,56.52,74.73
2025/11/08,86.49,83.04,77.78,77.78,77.78,77.78,84.05,83.37,77.78,86.2,91.17,91.17,91.17,115.85,115.85,91.17,90.6,91.16,89.32,89.17,90.03,87.49,87.22,87,115.85,77.78,88.48
2025/11/07,91.08,84.19,84.19,73.35,73.35,91.65,92.75,104.99,108.39,108.62,108.49,107.21,106.74,107.75,112.09,144.61,111.56,107.78,107.78,107.78,107.78,105.15,105.15,105.1,144.61,73.35,103.16
2025/11/06,108.66,82.85,74.11,72.47,72.47,88.45,108.29,114.1,119.37,109.15,116.6,108.68,107.94,108.69,109.12,114.77,108.8,113.22,126.47,108.63,106.77,104.61,104.61,104.58,126.47,72.47,104.66
2025/11/05,116.13,88.34,84.03,82.12,83.27,88.51,107.09,107.38,109.18,107.97,113.48,107.62,107.39,107.8,108.08,116.5,115.77,137.66,116.77,115.78,109.7,109.65,109.15,108.9,137.66,82.12,107.39
2025/11/04,96.89,92.88,92.88,92.88,92.88,92.88,94.5,103.07,103,107.5,118.68,108.02,105.55,108.23,108.28,115.75,108.23,108.31,108.24,108.25,108.25,108.05,107.73,103.51,118.68,92.88,104.28
2025/11/03,85.47,72.47,72.47,72.47,72.47,72.47,89.74,104.07,122.29,114.32,116.03,108.85,108.19,108.39,108.61,111.74,108.7,108.76,118.77,118.77,108.48,108.48,108.48,108.48,122.29,72.47,102.73
2025/11/02,109.07,103.1,103.1,102.96,103.1,103.16,103.99,106.86,106.89,113.07,109.06,105.09,103.1,103.1,112.86,111.04,109.06,113.07,113.17,113.28,113.38,113.38,113.44,110.77,113.44,102.96,108.6
2025/11/01,108.25,106.6,100.35,100.35,100.35,100.35,111.74,111.9,111.9,111.93,115.45,109.55,102.32,104.3,102.32,106.28,114.19,116.05,115.7,114.2,114.2,114.21,108.25,108.25,116.05,100.35,108.92
2025/10/31,116.72,89.77,90.19,89.69,89.56,105.57,117.22,123.67,127.22,127.11,126.88,126.59,123.67,126.54,123.67,123.67,123.67,126.88,123.67,123.67,123.67,123.67,122.98,117.22,127.22,89.56,117.76
2025/10/30,118.07,113.61,89.72,89.72,89.62,113.84,118.07,120.55,125.18,123.77,130.82,123.43,120.22,122.37,122.37,123.32,123,123.28,128.82,129.23,123.28,128.82,129.25,113.77,130.82,89.62,119.08
2025/10/29,117.21,90.3,89.79,83.9,89.67,90.18,111.18,111.18,119.63,125.31,120.79,112.05,111.97,111.81,117.13,117.13,124.11,124.23,130.09,124.24,112.83,109.69,109.86,107.07,130.09,83.9,111.63
2025/10/28,115.98,89.92,90.01,89.69,89.99,97.2,119.73,120.07,120.09,120.37,126.72,112.17,112.16,112.16,118.96,120.3,130.55,133.24,130.76,120.05,117.85,112.17,99.93,107.23,133.24,89.69,113.63
2025/10/27,75.47,73.19,73.19,73.19,73.19,73.19,102.31,115.29,132.75,124.21,125.66,124.65,112.36,116.2,112.36,116.2,118.96,128.7,128.73,128.62,126.61,128.73,125.93,126.46,132.75,73.19,111.97
2025/10/26,77.2,73.44,71.42,68.35,68.5,69.12,72.63,73.44,71.71,67.27,67.27,67.27,63.12,65.41,65.49,90.78,90.78,93.9,93.9,93.9,93.9,93.46,90.78,89.88,93.9,63.12,79.05
2025/10/25,91.13,90.35,74.32,73.13,73.13,73.19,90.31,109.26,90.1,116.31,118.45,118.45,118.45,118.45,116.31,116.31,109.87,114.46,116.31,116.31,116.31,116.31,116.31,111.15,118.45,73.13,104.68
2025/10/24,109.13,71.52,70.45,68.92,69.68,90,102.67,116.58,119.13,119.13,119.13,119.13,119.13,119.13,119.13,119.13,116.43,117.72,117.83,114.51,114.51,112.36,112.36,108.06,119.13,68.92,107.76
2025/10/23,105.77,89.83,74.94,72.26,72.94,103.08,103.34,111.81,117.51,117.4,117.17,117.06,113.96,116.83,116.83,116.83,113.96,116.11,125.02,125.06,125.04,113.96,113.96,109.66,125.06,72.26,109.76
2025/10/22,106.66,89.72,89.76,89.78,89.67,115.09,97.3,134.09,120.56,120.55,120.55,118.53,118.53,118.53,118.53,118.53,118.53,118.53,118.52,118.51,114.1,111.44,111.61,107.65,134.09,89.67,112.42
2025/10/21,111.61,83.72,82.47,82.61,84.44,90.41,97.31,97.66,126.57,112.73,112.61,112.37,112.28,112.24,112.24,112.24,130.12,118.32,126.4,126.77,118.32,98.51,98.48,98.58,130.12,82.47,107.48
2025/10/20,71.89,68.27,67.23,67.23,67.23,68.27,74.73,97.26,143.35,125.78,125.53,118.87,110.74,118.88,118.87,118.88,118.82,118.87,129.51,129.37,118.81,118.24,129.07,102.15,143.35,67.23,107.76
2025/10/19,72.61,71.28,68.97,68.2,68.2,68.97,69.74,69.17,66.97,91.98,91.98,91.98,91.98,91.98,91.98,91.66,91.8,92.5,92.5,92.5,92.5,91.98,91.55,77.83,92.5,66.97,83.23
2025/10/18,92.31,87.08,72.22,72.2,72.25,72.28,72.28,85.05,91.55,130.55,130.41,122.71,93.43,92.19,93.43,158.79,93.43,130.77,130.95,93.43,92.23,92.19,92.13,91.4,158.79,72.2,98.81
2025/10/17,107.15,84.56,73.05,73.05,73.05,90.02,102.33,114.32,117.24,117.14,125.72,120.47,114.74,120.46,120.46,135.88,135.88,122.58,128.42,128.41,129.61,129.61,128.11,127.95,135.88,73.05,114.86
2025/10/16,102.41,92.85,92.85,92.95,92.85,92.85,102.8,113.62,116.72,145.01,144.99,118.61,117.02,127.01,127.01,162.12,128.12,128.2,128.26,118.7,117.09,113.62,113.62,117.06,162.12,92.85,118.44
2025/10/15,106.06,90.69,90.57,83.73,83.73,90.89,109.96,109.26,117.24,119.12,137.4,123.16,119.04,145.47,123.15,123.15,136.82,118.35,129.75,129.35,129.7,115.71,109.26,91.37,145.47,83.73,115.52
2025/10/14,96.1,73.96,73.96,73.96,73.96,90,102.96,112.09,122.26,161.07,137.52,122.4,121.81,121.91,137.48,172.99,133.26,133.29,122.32,122.32,122.33,112.09,109.87,117.06,172.99,73.96,117.46
2025/10/13,68.71,68.11,68.11,68.11,68.11,68.11,71.97,119.69,126.69,141.57,129.66,147.44,126.46,126.46,126.46,152.69,124.74,126.46,129.35,129.16,129.02,128.99,118.61,91.97,152.69,68.11,114.16
2025/10/12,72.99,70.99,69.8,68.61,68.61,68.61,70.34,68.61,68,67.69,67.69,67.69,67.69,67.69,68,68.61,92.95,93.03,93.7,93.04,93.04,93.04,93.9,91.51,93.9,67.69,78
2025/10/11,94.91,71.93,71.35,70.43,71.35,92.17,92.39,92.23,69.28,92.83,93.09,93.09,0,92.04,93.08,93.09,93.09,117.73,117.66,117.58,93.43,93.1,93.03,92.23,117.73,0,88.87
2025/10/10,102.41,69.96,68.45,68.45,68.26,68.45,90.07,90.49,108.8,115.25,118.12,115.25,114.71,117.61,115.25,116.8,115.25,117.61,129.2,129.2,129.2,128.82,113.1,112.63,129.2,68.26,107.05
2025/10/09,69.13,69.13,68.08,67.04,68.08,69.13,69.13,69.13,65.59,65.59,71.74,62.94,6.64,136.73,71.75,134.61,92.86,93,92.92,93.02,93.03,92.87,92.6,78.54,136.73,6.64,80.04
2025/10/08,67.31,67.31,67.31,67.31,67.31,67.31,67.31,67.31,67.31,65.7,66.06,65.97,0,67.31,66.17,67.31,67.31,135.84,136.52,140.83,80.42,80.42,80.42,80.42,140.83,0,77.69
2025/10/07,69.31,68.19,67.64,67.36,67.36,67.36,67.64,67.36,65.56,66.74,67.36,67.36,67.26,66.55,64.93,65.44,67.36,72.5,72.5,75.19,75.19,75.19,75.19,75.19,75.19,64.93,69.53
2025/10/06,69.19,67.26,67.02,67.02,67.02,67.63,69.08,69.08,66.92,66.73,67.02,67.02,67.02,67.02,66.59,67.02,67.02,69.08,69.08,74.03,74.03,74.03,74.03,74.03,74.03,66.59,69.08
2025/10/05,72.32,70.69,70.69,69.08,69.08,70.09,70.69,69.08,67.07,67.07,67.07,67.07,66.23,67.07,67.07,67.07,69.08,71.78,71.78,74.03,74.03,74.03,74.03,74.03,74.03,66.23,70.19
2025/10/04,73.28,72.92,72.51,71.69,71.36,72.51,72.92,72.51,72.51,68.69,139.9,133.46,68.69,68.69,68.69,70.87,72.92,72.92,72.92,73.82,73.82,73.82,73.82,73.82,139.9,68.69,77.24
2025/10/03,102.21,90.46,74.97,73.51,73.51,73.95,91.13,91.91,115.5,118.37,118.37,118.37,115.5,115.5,115.5,111.19,111.19,115.5,115.5,115.5,115.5,115.5,115.5,111.41,118.37,73.51,105.42
2025/10/02,74.18,73.96,73.96,73.96,73.96,73.96,73.96,91.05,118.3,119.72,124.02,126.72,124.02,126.15,124.02,172.28,121.87,118.39,119.72,117.58,119.72,91.95,91.78,115.95,172.28,73.96,107.6
2025/10/01,98.63,73.28,71.64,70.82,69.26,71.64,76.65,91.14,91.14,114.92,114.92,114.91,91.11,103.71,103.7,117.57,130.5,116.21,119.42,137.49,117.17,103.4,103.12,96.91,137.49,69.26,101.47
2025/09/30,77.32,76.15,75.49,74.77,75.04,75.49,75.96,76.15,91.52,93.14,136.01,93.37,92.89,93.37,93.36,92.78,93.38,93.38,129.58,129.58,129.58,96.44,96.44,92.42,136.01,74.77,95.09
2025/09/29,72.39,69.84,69.22,69.84,69.2,69.84,72.71,78.82,78.82,126.88,126.88,72.71,72.71,72.71,86.72,91.52,91.29,126.87,137.68,137.68,129.45,129.45,88.55,88.55,137.68,69.2,95.88
2025/09/28,72.05,71.65,71.65,71.65,71.65,71.65,71.65,71.65,71.65,76.7,128.43,128.43,128.43,130.38,96.62,95.63,78.25,95.97,95.94,96.18,91.16,91.16,91.16,80.74,130.38,71.65,90.24
2025/09/27,77.25,71.92,71.63,71.63,71.63,71.63,71.92,74.99,71.63,121.98,93.09,93.13,92.86,121.98,123.93,126.93,123.93,123.1,111.99,112.05,103.12,93.18,92.83,83.26,126.93,71.63,95.41
2025/09/26,78.16,73.01,73.01,73.01,71.52,72.61,75.82,93.44,128.58,128.16,128.04,127.86,127.8,127.62,127.62,127.62,127.8,127.86,121.33,121.33,121.34,118.25,100.05,92.74,128.58,71.52,109.01
2025/09/25,106.15,106.15,106.15,106.15,106.24,106.24,106.24,106.24,106.15,140.02,175.38,117.92,105.78,117.49,117.54,137.38,124.46,124.35,126.56,126.56,126.56,118.33,106.34,79.22,175.38,79.22,117.78
2025/09/24,89.9,76.32,76.32,76.76,76.76,76.32,76.41,92.81,100.09,175.54,131.42,131.45,100.85,100.85,131.34,144.52,120.78,100.85,125.76,125.76,131.4,125.76,96.28,92.86,175.54,76.32,109.01
2025/09/23,78.41,75.03,71.57,71.57,71.57,71.57,77.68,91.74,123.1,125.05,128.96,125.05,125.05,132.67,132.67,132.67,133.31,133.16,126.54,126.54,125.05,123.1,123.1,122.91,133.31,71.57,112.49
2025/09/22,75.77,71.68,71.68,71.68,71.68,71.68,71.92,75.79,120.65,121.55,132.38,120.65,126.59,130.16,120.65,124.19,120.65,122.61,126.13,126.13,126.13,120.65,118.7,92.71,132.38,71.68,108.18
2025/09/21,74.6,71.03,70.24,70.24,70.24,71.03,71.03,71.03,69.73,67.63,119.41,119.41,93.77,117.45,117.45,117.45,93.83,115.89,105.91,105.87,117.45,93.84,93.4,84.89,119.41,67.63,92.16
2025/09/20,77.31,74.29,74.29,74.29,74.29,74.29,74.29,74.29,74.29,120.95,120.95,163.82,139.19,71.63,71.63,74.29,74.29,74.62,110.44,110.43,85.66,85.66,85.66,85.66,163.82,71.63,89.82
2025/09/19,78.18,74.4,74.4,74.4,74.4,74.4,91.97,117.63,121.43,130.89,131.23,130.52,130.02,128.24,162.72,128.24,125.98,125.98,125.98,125.98,121.43,109.52,109.52,117.58,162.72,74.4,114.16
2025/09/18,76.77,73.74,71.52,71.52,71.52,71.52,74.27,93.93,122.94,129.8,129.62,193.74,129.56,129.56,129.56,129.56,129.62,129.8,129.92,129.92,130.45,123,123,113.06,193.74,71.52,115.71
2025/09/17,93.49,75.1,74.92,75.58,74.92,75.58,91.74,123.87,133.68,163.83,142.35,133.5,133.5,133.5,133.5,143.71,133.5,133.5,133.68,133.8,133.8,129.61,125.83,93.84,163.83,74.92,120.4
2025/09/16,123.91,73.71,73.71,73.71,73.71,73.71,91.81,92.74,125.86,139.52,139.5,133.12,133.12,133.12,140.35,140.94,140.35,133.48,133.48,133.54,133.54,133.54,125.86,123.91,140.94,73.71,120.5
2025/09/15,71.8,71.32,71.32,71.32,71.32,71.32,72.08,127.09,127.09,134.59,134.59,134.59,133.99,133.99,133.99,133.99,133.99,133.99,134.59,134.59,134.59,130.63,127.09,92.6,134.59,71.32,116.99
2025/09/14,77.23,75.68,71.86,70.76,70.76,70.76,71.86,71.86,70.76,93.59,101.14,101.12,101.12,101.12,101.11,101.12,101.13,101.14,101.15,101.15,100.82,96.08,93.19,85.51,101.15,70.76,89.73
2025/09/13,90.89,74.54,71.63,71.63,71.63,71.63,71.63,71.63,77.08,137.59,139,163.42,102.82,137.23,139,139,139,139,139,139,139,125.69,89.87,84.23,163.42,71.63,111.74
2025/09/12,92.4,74.49,74.49,74.49,74.49,74.49,75.2,126.12,126.12,133.79,133.73,133.55,133.55,133.37,141.51,154.68,143.65,133.79,133.79,133.97,134.09,131.54,126.12,124.08,154.68,74.49,120.49
2025/09/11,93.67,75.61,74.19,74.19,74.19,74.19,76.98,125.32,127.27,127.27,132.48,125.32,125.32,134.16,133.98,134.16,127.28,134.28,134.52,134.71,134.89,127.27,125.32,115.53,134.89,74.19,116.35
2025/09/10,120.49,74.76,74.04,74.04,74.04,74.04,91.66,120.49,122.44,129.88,129.69,129.63,129.45,129.33,129.33,129.33,129.82,129.85,131.91,131.91,130.12,130.3,123.97,93.69,131.91,74.04,116.02
2025/09/09,93.49,75.57,75.22,75.57,74.91,74.91,92.36,125.21,131.08,139.93,139.93,132.4,132.22,132.22,132.22,132.22,138.46,138.46,132.64,132.88,132.88,133.06,132.11,123.26,139.93,74.91,120.37
2025/09/08,71.6,71.28,71.31,71.28,71.28,71.28,71.6,123.68,129.55,133.13,133.13,133.13,132.35,132.35,132.35,145.87,138.22,132.35,136.89,138.22,133.13,133.13,133.13,123.68,145.87,71.28,119.58
2025/09/07,131.38,76.06,74.64,74.78,74.51,73.92,73.92,73.92,74.73,136.93,94.13,137.09,138.89,138.89,138.89,138.89,138.89,138.89,138.89,138.89,138.89,138.89,136.93,93.54,138.89,73.92,115.6
2025/09/06,130.18,98.87,91.81,91.81,91.81,91.81,91.81,91.95,125.1,134.96,131.62,134.9,134.72,134.72,133.39,129.67,140.39,134.9,134.9,135.1,135.14,135.14,127.72,123.99,140.39,91.81,122.33
2025/09/05,122.41,91.56,91.5,91.5,91.5,121.15,121.15,122.28,130.54,130.3,130.12,130,133.16,139.28,139.38,139.26,139.28,130.24,138.38,136.79,130.3,130.36,130.54,126.62,139.38,91.5,126.17
2025/09/04,123.71,92.21,87.43,88.09,88.09,88.09,121.75,121.75,131.38,131.32,131.32,131.14,130.96,130.96,130.96,130.9,137.73,130.9,137.73,137.32,136.15,131.32,131.17,127.24,137.73,87.43,123.92
2025/09/03,120.78,94.02,94.02,94.02,94.02,94.02,94.02,120.78,128.21,127.97,127.79,127.67,127.49,127.49,128.59,137.56,136.07,136.91,149.14,157.48,134.14,129.55,128.39,128.39,157.48,94.02,124.6
2025/09/02,120.56,91.5,91.5,91.5,91.5,91.5,91.85,122.51,129.95,129.77,129.71,129.53,129.41,129.23,129.23,129.23,138.59,130.32,138.61,137.43,129.95,129.95,130.13,127.42,138.61,91.5,122.47
2025/09/01,119.83,74.99,74.99,74.99,74.99,74.99,91.74,121.78,128.98,128.98,128.98,128.98,128.5,128.5,128.5,137.9,150.74,150.74,152.4,152.4,129.6,129.51,128.98,128.98,152.4,74.99,123.34
2025/08/31,117.64,116.55,84.79,84.79,84.79,84.79,84.79,84.79,117.64,120.74,119.48,120.45,120.45,120.28,120.23,120.28,120.28,120.45,121.86,122.13,122.13,121.8,120.96,117.64,122.13,84.79,112.48
2025/08/30,123.26,123.16,104.24,100.35,88.52,88.52,100.35,100.72,101.23,105.41,116.9,116.91,116.91,116.91,116.9,113.29,133.8,134.13,134.13,134.13,151.15,123.3,121.11,120.79,151.15,88.52,117.28
2025/08/29,125.68,110.5,108.81,108.81,108.81,108.81,112.34,117.49,118.2,122.77,122.19,125.72,125.72,125.72,149.8,154.08,131.37,121.23,129.7,129.7,121.27,120.38,120.27,120.27,154.08,108.81,123.5
2025/08/28,124.4,111.33,109.49,109.49,109.49,109.49,113.17,115,118.8,121.39,121.39,119.01,125.17,120.81,121.39,130.57,130.59,130.59,130.93,130.93,124.16,119.02,118.9,118.7,130.93,109.49,120.97
2025/08/27,124.21,110.52,108.68,90.92,90.94,108.68,112.36,116.78,119.35,119.47,117.53,119.47,117.03,120.29,120.09,120.29,130.73,130.73,130.73,129.99,122.91,122.89,120.8,120.8,130.73,90.92,118.74
2025/08/26,130.34,113.96,114.72,114.72,114.72,114.72,114.72,116.56,125.48,120.58,141.83,141.82,126.61,141.83,141.83,158.62,141.83,130.3,130.3,130.3,129.23,119.51,119.51,120.14,158.62,113.96,128.5
2025/08/25,114.66,84.24,84.24,84.24,84.24,84.24,85.95,118.93,130.18,130.18,130.18,130.14,122.79,130.03,130.14,130.14,130.14,130.46,131.69,131.69,122.77,120.81,120.77,120.74,131.69,84.24,118.84
2025/08/24,115.13,115.13,112.77,115.13,111.44,109.59,113.28,115.13,115.13,117.94,117.77,117.72,117.72,117.72,117.72,117.72,117.72,117.77,127.68,128.78,128.78,123,119.97,118.45,128.78,109.59,118.35
2025/08/23,117.47,112.32,112.32,84.66,84.66,84.66,84.66,114.16,116,116.54,116.8,116.8,117.31,117.31,117.31,117.31,116.8,117.31,134.48,134.48,134.48,121.97,121.97,121.65,134.48,84.66,115.03
2025/08/22,124.24,111.99,110.68,108.31,108.42,108.84,111.65,117.45,117.27,119.81,119.85,121.02,120.24,122.26,122.3,128.8,123,122.7,140.05,136.87,121.72,119.86,121.65,121.59,140.05,108.31,120.79
2025/08/21,110.12,99.89,92.58,90.51,88.27,90.89,114.84,119.41,115.09,119.74,119.78,121.1,119.78,121.6,121.96,121.4,132.45,132.45,132.45,132.45,122.68,121.1,118.94,118.62,132.45,88.27,117.38
2025/08/20,110.18,99.91,95.34,90.51,90.51,84.24,114.7,122.68,115.47,118.17,118.26,120.83,118.22,120.68,121.8,125.84,126.36,126.36,126.36,120.76,118.79,118.04,115.87,115.16,126.36,84.24,115.3
2025/08/19,130.16,111.48,111.48,110.88,111.48,111.48,117.11,119.31,119.09,120.22,129.2,121.35,121.11,130.49,130.95,130.49,131.85,132.46,131.85,130.24,121.2,121.15,121.09,118.53,132.46,110.88,123.13
2025/08/18,115.59,76.45,76.45,76.45,76.45,76.45,76.45,115.59,118.73,118.73,118.73,118.73,118.22,118.22,121.37,135.15,123.69,124.48,124.51,124.13,119.4,118.73,118.73,118.73,135.15,76.45,112.38
2025/08/17,117.46,118.98,113.96,77.12,114.22,77.12,76.63,116.06,115.92,121.01,121.01,121.01,120.5,120.5,120.5,120.5,120.5,119.75,121.01,121.01,121.01,121.01,118.43,116.06,121.01,76.63,114.58
2025/08/16,115.86,114.02,117.67,110.85,77.24,77.18,77.18,115.86,115.86,118.84,117.7,118.84,118.44,118.44,118.44,118.44,118.44,118.44,118.84,118.84,118.84,117.7,118.84,117.7,118.84,77.18,113.06
2025/08/15,114.99,114.99,116.83,111.29,111.29,111.29,114.99,117.35,114.99,118.14,118.09,117.92,117.92,117.82,117.82,117.82,117.8,117.92,125.51,125.88,119.32,119.32,120.1,116.83,125.88,111.29,117.66
2025/08/14,115.01,113.17,113.17,113.17,107.66,84.24,119.66,120.16,116.65,118.02,118.95,120.34,120.34,153.99,118.02,118.02,118.95,120.2,120.2,120.34,117.43,116.68,120.16,116.65,153.99,84.24,118.22
2025/08/13,109.8,97.86,96.02,90.51,84.24,84.24,109.29,116.93,115.1,131.69,131.69,120.83,120.68,120.68,117.91,117.91,119.4,117.91,117.91,117.91,120,116.65,116.43,116.43,131.69,84.24,114.13
2025/08/12,118.26,84.35,84.34,84.33,84.34,84.35,95.63,118.33,119.27,125.52,125.59,125.59,125.5,125.51,119.52,128.39,119.56,119.56,120.26,120.28,119.27,119.27,119.4,116.85,128.39,84.33,114.24
2025/08/11,117.09,75.19,75.19,75.19,75.19,75.12,75.19,118.5,118.5,120.92,120.92,120.92,120.48,120.48,149.52,120.48,122.04,122.04,122.04,122.04,120.92,120.92,120.92,118.5,149.52,75.12,113.16
2025/08/10,119.26,79.57,77.29,76.5,76.5,76.5,76.5,76.5,76.5,119.47,120.89,123.06,122.93,122.93,122.88,122.88,122.93,159.63,123.14,123.32,123.32,121.86,120.89,120.89,159.63,76.5,110.45
2025/08/09,117.4,115.99,113.28,78.56,78.56,78.56,78.56,116.56,118.82,121.37,121.24,121.24,121.24,121.24,154.75,121.37,121.5,118.82,121.5,121.55,121.55,118.82,119.5,118.82,154.75,78.56,115.23
2025/08/08,115.07,113.24,109.56,84.37,84.37,84.37,109.9,117.54,118.39,118.22,118.16,117.99,117.88,117.88,119.92,120.17,120.17,120.17,120.77,120.79,119.67,118.56,118.56,118.56,120.79,84.37,114.53
2025/08/07,114.5,85.47,81.87,81.87,81.87,81.87,114.5,120.01,123.19,121.26,124.25,124.25,120.98,124.25,124.25,124.25,120.98,121.09,121.26,121.32,121.49,121.49,121.66,118.18,124.25,81.87,114.7
2025/08/06,114.95,84.4,84.38,84.37,84.38,84.36,116.04,118.27,127.74,118.97,118.97,118.97,118.1,120.38,125.52,135.43,123.62,119.69,119.64,119.64,119.21,119.6,118.27,118.43,135.43,84.36,114.66
2025/08/05,115.29,76.29,75.82,75.82,75.82,75.82,115.29,118.44,118.38,118.38,118.21,119.75,118.61,118.13,120.77,124.83,125.05,125.18,125.12,125.04,119.21,118.44,118.61,118.61,125.18,75.82,112.94
2025/08/04,116.43,114.79,112.95,107.44,88.57,107.44,118.82,118.82,119.09,120.23,150.33,128.82,122.33,128.76,130.31,130.31,130.36,130.66,131.69,131.69,128.76,119.08,119.08,118.77,150.33,88.57,123.42
2025/08/03,115.93,116.11,115.93,108.55,76.5,108.95,115.93,114.09,115.93,116.9,116.73,118.18,125.37,125.89,122.95,122.4,120.45,120.51,139.25,132.62,132,122.38,156.78,117.41,156.78,76.5,121.1
2025/08/02,115.5,115.5,113.48,111.64,111.64,111.64,113.48,115.32,116.29,116.93,122.45,122.55,123.5,123.5,123.41,122.41,118.12,118.29,122.11,147.41,140.05,120.06,116.93,116.87,147.41,111.64,120.51
2025/08/01,116.19,113.1,113.1,109.42,111.26,113.1,113.1,119.33,119.15,119.04,118.97,120.34,120.34,120.34,126.65,129.98,124.89,125.41,124.76,124.76,121.6,117,116.94,116.92,129.98,109.42,119.59
2025/07/31,117.02,115.16,92.82,92.82,92.82,92.78,121.05,120.54,119.86,122.42,126.92,126.92,121.92,128.14,128.14,131.7,130.93,130.25,130.25,128.07,128.06,119.77,119.86,119.97,131.7,92.78,120.54
2025/07/30,132.02,113,114.86,109.28,109.28,111.14,121.18,120.66,119.39,125.4,128.22,130.06,127.34,128.47,133.95,133.95,133.94,133.89,128.82,128.97,125.99,122.59,121.08,119.1,133.95,109.28,124.73
2025/07/29,108.83,96.44,92,91.07,92,93.98,98.82,120.91,120.66,121.23,125.21,128.65,128.57,128.65,132.56,147.25,147.25,132.14,132.13,132.19,122.96,121.43,120.67,120.34,147.25,91.07,121.08
2025/07/28,97.13,96.44,81.17,81.17,81.17,91.55,98.74,99.66,120.62,121.22,122.51,123.32,123.24,123.26,132.33,132.78,132.78,133.21,133.21,133.21,132.33,122.82,122.73,122.71,133.21,81.17,117.82
2025/07/27,117.57,117.57,93.31,91.17,88.49,90.97,93.32,117.57,120.42,120.25,127.79,120.02,120.02,123.71,123.71,131.11,123.7,123.69,130.45,145.68,124.94,120.54,120.71,120.71,145.68,88.49,118.18
2025/07/26,116.27,118.25,114.99,92.56,92.65,112.54,116.27,119.39,119.11,118.94,120.32,120.72,120.72,123.96,123.96,123.96,123.96,138.6,138.34,123.9,123.92,120.32,130.99,130.67,138.6,92.56,120.9
2025/07/25,100.34,93.13,88.18,86.07,83.18,85.41,93.36,99.3,116.91,122.02,123.82,127.6,122.49,126.48,130.7,134.25,133.14,133.02,124.08,133.18,122.14,121.72,121.34,121.34,134.25,83.18,116.49
2025/07/24,100.78,93.06,92.97,82.17,82.17,92.57,93.22,100.31,119.36,121.21,124.27,124.17,120.31,124.06,124.81,136.91,136.91,124.21,124.21,124.03,123.31,121.88,117.56,116.7,136.91,82.17,115.21
2025/07/23,100.65,93.05,93.05,92.45,83.48,92.84,93.04,99.57,119.01,120.57,121.29,128.1,123.38,124.73,151.6,151.61,135.71,125.31,124.94,124.94,121.18,121.18,117.12,116.26,151.61,83.48,117.77
2025/07/22,125.12,114.68,92.69,91.62,90.53,91.62,110.96,118.4,119.89,121.17,125.83,127.06,121.84,125.88,126.03,147.3,132.44,147.3,147.3,136.12,132.43,121.33,121.15,121.15,147.3,90.53,123.06
2025/07/21,118.53,81.37,80.72,79.9,79.9,79.9,93.11,118.53,121.48,122.91,124.24,125.48,124.24,131.39,155.93,131.33,124.24,131.33,124.24,135.23,121.97,121.78,121.78,121.75,155.93,79.9,118.37
2025/07/20,100.05,81.64,79.27,77.73,79.38,79.38,79.38,79.38,93.33,93.97,101.44,118.41,118.43,121.92,121.92,121.92,121.9,121.86,121.86,136.05,136.21,135.94,101.48,100.54,136.21,77.73,107.13
2025/07/19,94.2,83.45,81.01,81.01,81.01,81.01,81.01,81.01,93.11,99.99,120.72,120.73,123.62,123.81,123.26,120.73,120.71,111.58,111.61,111.97,111.17,100,99.57,93.76,123.81,81.01,103.2
2025/07/18,94.15,93.08,83.48,83.48,83.48,92.61,98.97,99.93,126.63,134.74,135.64,134.61,126.68,134.66,134.66,134.4,131.25,131.25,118.11,118.09,118.07,118.07,107.9,93.44,135.64,83.48,115.85
2025/07/17,100.71,92.94,92.55,92.64,92.61,92.64,98.51,100.71,125.07,125.07,134.21,134.21,123.69,134.21,134.21,134.21,125.22,125.38,125.29,135.51,125.07,125.03,125.2,109.54,135.51,92.55,118.83
2025/07/16,119.51,92.62,84.76,85.32,84.76,85.57,113.9,117.61,127.64,133.62,133.58,133.58,123.18,133.58,133.6,133.6,127.81,127.81,127.81,135.45,127.83,127.81,127.73,115.76,135.45,84.76,120.97
2025/07/15,118.2,92,89.49,90.04,89.57,89.4,114.94,122.41,125.39,127.79,131.16,128.8,128.6,130.22,127.72,127.72,125.36,125.35,125.39,133.41,125.39,125.39,125.38,121.05,133.41,89.4,120.04
2025/07/14,118.62,113.98,93.12,92.67,82.78,92.62,110.26,115.84,121.19,121.83,123.13,123,121.8,123.05,132.55,132.55,132.55,132.97,133.17,135.28,122.87,121.65,121.59,121.58,135.28,82.78,120.43
2025/07/13,118.84,93.42,92.9,90.81,90.67,90.81,92.96,114.52,121.97,121.8,121.68,121.51,121.46,128.74,126.83,127,121.46,131.78,131.81,121.97,122.03,122.2,131.81,118.84,131.81,90.67,116.82
2025/07/12,125.92,122.2,92.99,89.84,89.16,92.58,120.34,122.47,128.57,118.07,120.22,120.22,120.22,123.33,123.33,123.33,123.33,135.27,135.28,136.3,136.32,136.12,120.24,119.91,136.32,89.16,120.79
2025/07/11,118.36,115.01,109.44,92.84,107.74,109.44,111.29,121.8,120.52,121.38,121.23,121.68,121.68,144.2,121.68,125.89,125.89,125.71,122.95,132.92,122.78,121.65,121.61,121.62,144.2,92.84,120.76
2025/07/10,131.98,113.74,117.09,111.88,110.02,113.74,117.09,120.73,123.39,127.31,127.13,143.51,126.4,128.45,134.05,156.91,134.03,133.98,127.06,133.9,126.52,121.15,121.09,121.09,156.91,110.02,126.92
2025/07/09,131.98,114.03,117.21,112.17,110.31,114.03,117.73,120.78,127.9,127.61,128.8,128.46,128.29,143.81,142.47,159.98,134.4,134.39,134.39,134.39,129.57,123.15,122.14,122.14,159.98,110.31,128.63
2025/07/08,131.98,115.01,118.13,111.29,111.29,113.15,115.62,121.05,126.94,127.15,127.56,127.53,126.18,142.79,152.78,153.06,141.46,135.41,135.41,135.41,132.44,123.54,122.8,122.24,153.06,111.29,129.24
2025/07/07,118.34,114.82,112.96,92.88,92.88,92.88,114.82,118.36,121.11,125.93,127.6,130.48,127.54,134.39,134.39,151.58,134.33,134.3,129.54,128.29,122.61,121.12,121.07,121.05,151.58,92.88,123.71
2025/07/06,118.03,118.03,93,88.67,87.99,88.3,91.99,114.3,118.03,121.23,121,120.71,120.65,120.65,120.48,120.48,120.65,135.31,135.31,135.34,135.31,121.23,120.73,121,135.34,87.99,117.42
2025/07/05,117.69,113.97,117.69,92.76,92.45,92.77,112.11,117.69,120.08,120.87,120.82,120.65,120.53,120.53,120.53,120.53,120.65,131.75,131.74,137.63,137.65,131.75,131.75,117.69,137.65,92.45,120.05
2025/07/04,131.98,115.75,115.75,115.75,115.75,115.75,115.9,118.43,121.44,128.61,128.68,128.68,123.35,130.99,132.68,132.37,132.37,132.37,143.28,143.29,132.39,121.51,121.44,121.44,143.29,115.75,126.72
2025/07/03,115.69,115.86,115.86,115.86,115.86,115.86,117.43,118.31,120.07,120.91,123.07,127.6,127.43,129.88,132.43,147.22,147.22,147.21,130.46,130.46,128.37,120.6,120.6,120.54,147.22,115.69,126.29
2025/07/02,131.98,98.88,98.28,92.8,92.8,92.8,109.67,118.92,121.35,121.48,128.53,129.28,128.8,145.12,156.17,147.8,147.8,128.37,128.37,128.37,122.62,121.54,121.48,121.48,156.17,92.8,124.21
2025/07/01,131.98,98.24,105.04,92.69,91.37,92.69,116.94,118.33,121.02,122.54,129.22,147.6,141.85,141.85,129.22,129.22,122.54,124.67,124.64,125.66,125.15,121.04,121.01,120.97,147.6,91.37,122.07
2025/06/30,105.55,95.1,94.65,94.8,94.84,94.79,95.53,106.44,125.67,171.07,128.93,131.87,129,137.19,156.39,156.39,156.39,128.99,128.98,128.99,126.56,125.73,125.69,114.87,171.07,94.65,125.98
2025/06/29,106.65,96.07,95.54,84.77,84.77,84.77,84.98,96.03,96.59,96.95,126.2,106.94,106.44,106.44,103.43,126.18,107.61,107.82,113.99,133.07,154.55,133.03,112.95,111.69,154.55,84.77,108.75
2025/06/28,108.91,108.87,105.87,95.89,95.71,95.8,105.03,105.66,107.14,108.55,126.34,126.34,116.78,126.33,126.28,126.35,116.32,116.47,116.47,133.14,133.13,132.34,107.13,106.28,133.14,95.71,115.17
2025/06/27,108.93,94.59,88.99,86.62,94.74,95.46,95.66,106.62,114.82,125.7,126.48,126.48,126.48,150.22,131.82,131.82,126.75,126.75,126.32,126.26,126.31,125.36,123.63,107.06,150.22,86.62,117.9
2025/06/26,108.93,94.63,94.32,86.89,94.85,95.5,104.13,106.62,115.59,124.61,153.26,125.7,124.23,170.26,137.53,148.57,129.43,129.3,129.11,129.16,129.26,126.5,115.59,107.04,170.26,86.89,121.84
2025/06/25,107.52,104.58,95.04,95.04,94.88,95.04,104.05,106.71,124.02,140.85,140.85,140.84,127.77,140.88,140.85,140.85,127.58,127.66,127.73,127.75,127.66,125.64,114.08,106.95,140.88,94.88,122
2025/06/24,105.69,105.35,95.06,94.95,94.95,95.12,99.39,106.48,123.86,130.89,130.96,130.96,130.94,154.28,151.35,130.96,130.92,130.91,125.55,130.88,127.45,124.33,125.64,107.02,154.28,94.95,121.75
2025/06/23,105.54,94.83,94.78,94.64,94.7,94.9,98.44,107.63,128.91,133.99,164.63,133.92,128.87,132.28,128.9,130.34,127.34,127.34,127.44,127.14,127.14,121.75,114.72,107.04,164.63,94.64,120.87
2025/06/22,103.79,97.3,86.54,83.24,83.24,83.24,83.24,81.27,81.27,105.62,105.62,105.62,105.62,106.77,104.96,107.51,106.98,107.42,112.39,112.39,112.39,110.93,106.67,96.88,112.39,81.27,100.42
2025/06/21,120.96,105.56,106.05,102.06,102.06,100.73,102.06,105.64,105.84,126.48,127.07,127.23,127.22,127.21,127.04,127.15,126.74,126.55,126.59,126.68,126.61,109,109.01,107.86,127.23,100.73,117.21
2025/06/20,106.6,105.92,106.34,105.66,105.51,105.56,106.61,122.98,124.77,138.53,193.75,138.3,130.65,139.04,137.6,137.58,130.63,130.61,128.2,125.21,125.21,124.95,124.77,124.71,193.75,105.51,127.2
2025/06/19,107.86,106.06,95.04,95.01,95.18,95.06,117.65,121.54,125.91,129.47,132.19,132.14,130.03,132.07,138.73,166.11,137.85,137.2,131.39,128.84,127.55,125.91,125.91,125.62,166.11,95.01,125
2025/06/18,105.26,103.5,103.25,94.85,94.61,94.56,95.29,123.31,123.84,128.04,128.68,130.76,128.67,136.39,136.37,136.37,134.24,134.35,128.66,126.39,126.93,126.93,121.63,107.13,136.39,94.56,120.91
2025/06/17,106.67,106.57,106.67,105.54,105.36,105.51,106.66,106.65,127.05,129.47,134.39,134.39,130.24,153.86,150.78,148.05,140.11,135.42,134.22,129.62,127.06,126.58,126.07,126.07,153.86,105.36,126.74
2025/06/16,97.88,84.97,80.64,81.43,81.46,81.46,95.02,107.55,126.3,128.18,128.98,130.12,128.18,134.91,134.91,134.91,133.26,132.44,132.28,125.4,125.22,121.7,107.52,107.23,134.91,80.64,116.88
2025/06/15,104.82,96.07,95.27,81.3,82.52,83.75,84.16,80.98,96.02,96.93,106.7,106.82,106.82,106.82,106.82,106.83,106.83,106.29,106.81,118.25,116.8,106.84,106.66,106.2,118.25,80.98,101.41
2025/06/14,115.03,107.27,106.25,101.42,106.51,106.17,107.32,107.32,137.98,129.97,139.04,138.89,131.99,138.46,131.82,130.04,127.15,126.95,125.22,125.27,124.78,126.28,107.32,107.32,139.04,101.42,121.71
2025/06/13,106.54,106.24,105.62,105.38,105,106.55,106.54,124.68,125.14,129.25,130.98,131.89,130.78,140.43,139.72,132.33,131.44,131.44,127.87,128.75,127.56,125.68,122.35,106.51,140.43,105,123.26
2025/06/12,105.26,103.46,90.24,90.12,90.07,90.25,124.51,124.51,125.83,128.57,128.57,136.82,128.55,140.28,147.6,134.87,133.79,132.72,132.61,131.9,126.05,125.37,124.51,106.99,147.6,90.07,122.4
2025/06/11,108.06,106.07,95.03,105.52,105.47,105.34,106.88,125.56,126.93,127.63,130.81,130.89,130.17,137.04,167.44,137,130.54,130.35,129.73,127.58,127.59,126.1,123.38,106.88,167.44,95.03,124.07
2025/06/10,108.81,105.72,90.15,90.22,90.25,105.72,114.06,122.67,123.68,125.16,132.67,132.65,128.16,139.32,139.32,139.32,132.59,136.3,128.17,129.86,128.09,126.11,126.11,107.09,139.32,90.15,122.04
2025/06/09,104.93,104.09,104.31,95.06,95.06,104.36,104.92,107.15,131.09,127.9,141.37,127.63,127.63,137.8,137.76,127.63,127.63,125.49,125.67,125.67,125.67,125.67,107.08,107.08,141.37,95.06,119.6
2025/06/08,101.78,95.22,85.78,83.77,87.85,88.82,88.26,81.69,95.88,96.82,105.54,105.4,105.4,105.33,171.76,105.93,110.66,110.66,110.72,110.72,110.72,109.27,105.98,105.67,171.76,81.69,103.58
2025/06/07,106.02,96.26,96.23,95.71,95.72,95.69,95.67,106.6,106.53,108.91,108.91,127.52,143.63,108.86,108.86,108.86,108.86,108.86,108.91,108.91,107.49,105.36,105.37,105.37,143.63,95.67,106.91
2025/06/06,105.54,104.46,104.1,95.77,95.77,95.77,104.09,104.27,105.92,107.95,107.95,123.85,123.81,141.93,123.63,123.63,123.63,137.7,137.85,124.03,123.07,107.95,107.95,107.95,141.93,95.77,114.26
2025/06/05,107.02,105.68,90.25,90.25,90.25,106.65,107.03,121.14,123.79,123.79,129,128.93,128.93,128.88,128.84,137.44,126.98,126.74,126.75,126.7,123.76,121.14,107,107.01,137.44,90.25,117.87
2025/06/04,107.06,106.46,94.82,94.86,95.03,106.72,108.08,108.08,108.03,124.08,127.5,127.5,124.05,127.5,127.5,127.5,127.5,127.33,124.08,124.08,124.01,121.08,121.08,108.03,127.5,94.82,117.08
2025/06/03,104.73,104.04,104.32,95.76,95.75,103.93,104.31,107.64,107.63,124.23,144.9,143.21,130.8,130.81,130.75,130.81,123.65,122.18,123.32,122.18,122.18,107.67,107.67,107.68,144.9,95.75,116.71
2025/06/02,97.46,87.27,86.2,85.3,85.3,96.97,100.43,107.11,107.74,126.08,127.15,127.13,127.13,141.58,142.66,146.54,126.35,125.88,122,122,107.74,106.26,105.61,105.11,146.54,85.3,115.11
2025/06/01,104.44,100.72,92.64,91.13,89.62,90.1,104.34,102.54,102.53,102.53,106.37,105.14,105.14,106.21,106.13,109.97,109.97,109.97,139.88,140.12,110.04,108.56,115.23,105.13,140.12,89.62,107.33
2025/05/31,121.41,110.88,103.66,84.77,85.31,105.05,110.86,111.04,111.04,111.32,112.29,112.13,112.13,135.06,129.04,129.05,133.66,130.42,132.11,129.1,128.86,128.95,112.7,112.7,135.06,84.77,116.69
2025/05/30,139.86,110.77,110.77,110.78,110.77,110.71,129.83,130.04,130.13,134.24,132.53,132.53,132.53,132.53,132.53,149.48,132.53,132.53,132.53,132.47,129.93,129.16,129.16,129.69,149.48,110.71,128.71
2025/05/29,111.68,110.53,110.52,105.61,110.5,110.55,117.25,127,129.43,128.61,137.07,137.06,135.31,137.04,144.22,144.22,137.04,135.71,133.93,130.84,131.4,131.4,127.35,127.32,144.22,105.61,127.76
2025/05/28,126.07,110.71,110.71,110.63,110.71,110.8,126.59,127.59,129.52,131.75,148.5,140.75,135.1,140.68,140.74,146.85,144.43,144.8,141.65,140.67,140.66,129.33,128.83,128.77,148.5,110.63,131.93
2025/05/27,144.43,104.97,104.97,98.27,104.5,108.74,125.8,130.57,130.01,133.45,141.98,146.89,139.52,141.2,141.45,146.88,142.09,140.91,139.45,133.41,133.4,133.42,133.37,133.38,146.89,98.27,131.31
2025/05/26,118.35,108.6,84.23,84.23,84.23,100.08,111.11,111.99,146.07,134.43,138.33,138.24,135.76,138.24,138.25,146.48,137.36,151.38,135.02,134.39,152.96,130.56,134.35,134.36,152.96,84.23,128.2
2025/05/25,145.27,111.85,112.01,104.99,111.85,111.85,112.48,111.66,107.61,107.87,113.41,111.97,112.85,125.75,125.75,125.75,125.75,152.18,152.16,146.89,146.87,143.55,143.69,112.27,152.18,104.99,125.39
2025/05/24,142.92,142.92,107.36,92.52,92.52,107.21,108.78,109.47,129.83,130.16,130.81,130.8,130.8,130.79,130.3,130.51,130.27,141.12,141.12,141.15,141.15,141.16,141.12,141.12,142.92,92.52,128.19
2025/05/23,144.43,108.51,101.46,101.46,101.46,108.5,127.43,134.27,139.09,145.57,145.58,145.59,131.64,145.59,145.59,145.9,134.88,134.91,145.57,145.59,138.55,138.55,138.55,138.55,145.9,101.46,133.82
2025/05/22,131.46,131.47,129.91,108.23,129.41,129.92,136.08,132.4,140.53,140.53,153.27,153.3,140.32,153.25,153.25,153.24,140.53,140.53,140.53,140.53,140.53,140.53,137.88,134.06,153.3,108.23,139.54
2025/05/21,144.43,130.85,100.58,100.58,100.58,100.58,100.58,126.05,132.04,146.73,146.71,141.31,138.87,146.44,149.72,149.72,141.85,141.85,141.92,142.2,142.06,141.87,139.47,139.5,149.72,100.58,134.22
2025/05/20,144.43,103.25,102.61,89.41,89.62,98.27,103.25,127.27,134.91,137.55,143.87,135.01,134.98,134.95,134.94,134.96,134.9,137.1,151.9,151.96,149.44,141.18,141.18,141.18,151.96,89.41,130.49
2025/05/19,109.15,90.73,88.77,86.79,87.58,89.94,109.15,109.89,125.02,145.27,130.69,130.19,125.01,125.01,126.64,144.86,128.74,128.7,155.68,155.7,146.79,129.54,129.1,128.73,155.7,86.79,123.81
2025/05/18,108.76,84.13,84,84,87.2,109.74,110.33,110.08,110.82,109.85,110.52,110.48,110.38,110.38,107.32,110.38,110.48,133.16,133.39,133.58,133.28,133.28,133.2,125.03,133.58,84,113.16
2025/05/17,120.45,108.55,84.95,82.93,82.93,85.45,108.08,109.18,125.26,129.06,136.85,136.85,136.79,136.85,131.22,131.14,127.89,127.48,128.1,128.22,130.19,127.68,128.48,109.67,136.85,82.93,119.18
2025/05/16,108.51,107.67,104.81,108.51,107.68,111.35,109.28,127.44,132.57,145.65,145.62,145.58,137.62,145.58,198.84,146.23,144.24,132.64,132.62,130.27,131.89,130.19,129.71,128.54,198.84,104.81,132.35
2025/05/15,127.69,101.9,100.08,99.6,98.27,100.08,122.98,129.08,129.08,134.23,134.23,134.23,134.16,134.23,136.41,134.21,134.18,131.9,129.45,129.44,129.43,129.63,128.91,127.5,136.41,98.27,125.64
2025/05/14,129.44,105.52,103.71,105.52,107.54,108.28,126.1,130.63,128.67,131.8,136.52,136.5,132.41,135.94,136.47,148.28,140.32,134.63,131.81,131.86,131.8,130.63,128.74,127.31,148.28,103.71,127.96
2025/05/13,109.04,107.57,103.71,89.32,91.8,116.32,125.27,130.81,129.41,129.69,139.63,139.62,132.61,132.64,139.32,139.6,139.6,139.32,132.63,132.64,130.81,131.38,126.25,126.22,139.63,89.32,126.32
2025/05/12,114.38,107.58,84.74,84.74,108.79,110.79,111.59,130.64,130.65,131.85,134.51,134.13,129.54,134.13,134.13,134.13,134.13,131.92,130.72,131.87,130.72,129.44,129.44,127.75,134.51,84.74,124.45
2025/05/11,100.25,83.8,82.79,82.28,83.29,82.83,82.27,79.75,112.8,113.6,130.88,130.14,113.57,113.15,107.26,108.77,107.73,113.08,128.28,131.51,128.28,130.92,113.75,111.71,131.51,79.75,107.53
2025/05/10,129.88,110.88,110.63,110.5,84.78,110.58,110.91,111.31,131.07,131.07,131.67,131.67,131.67,131.67,131.59,131.88,128.18,127.58,127.53,128.13,131.84,129.82,124.9,110.92,131.88,84.78,122.89
2025/05/09,111.93,111.39,108.89,93.63,93.63,108.89,112.45,112.38,129.29,136.66,144.74,136.55,130.64,143.96,129.29,129.21,127.02,128.91,127.03,127.02,126.54,112.38,110.55,110.16,144.74,93.63,122.04
2025/05/08,111.32,111.19,100.55,100.55,99.43,111.27,129.15,126.97,127.14,130.65,145.27,144.97,126.79,132.35,132.42,132.41,132.42,132.24,131.84,131.86,126.63,131.83,129.44,111.94,145.27,99.43,124.99
2025/05/07,113.26,107.65,94.03,91.45,93.95,94.32,110.57,122.04,128.83,131.06,140.89,131.05,131.05,130.86,128.31,128.31,130.64,143.79,129.23,128.23,129.4,125.6,125.68,118.75,143.79,91.45,122.31
2025/05/06,111.28,107.55,93.79,93.83,93.88,109.99,110.81,119.12,130.86,130.84,130.89,130.89,127.48,130.9,129.9,130.13,127.48,127.48,128.98,130.13,130.13,129.58,120.26,118.94,130.9,93.79,121.3
2025/05/05,110.46,109.77,109.76,94.38,109.74,109.76,110.25,110.33,110.44,118.24,118.73,121.18,125.46,130.9,129.52,130.9,129.01,128.85,129.18,131.46,129.04,131.45,131.45,118.72,131.46,94.38,120.42
2025/05/04,110.94,110.39,109.91,94.38,110.72,112.43,112.43,130.91,129.73,129.38,112.15,111.66,110.6,111.66,111.66,119.12,118.49,119.12,130.08,130.91,130.07,129.64,119.14,119.14,130.91,94.38,118.16
2025/05/03,131.08,109.81,103.3,101.52,102.43,109.73,110.11,118.61,130.64,129.77,130.56,128.19,128.18,130.19,128.16,127.72,131.13,124.84,124.84,130.19,130.19,129.59,119.73,118.73,131.13,101.52,122.37
2025/05/02,130.63,110.44,109.8,106.28,109.98,129.3,118.66,130.58,129.82,130.66,131.86,131.87,129.93,129.94,129.94,129.94,129.93,129.89,131.87,129.94,129.98,126.41,125.9,124.4,131.87,106.28,125.93
2025/05/01,125.64,110.01,105.66,103.1,103.1,110.22,110.71,110.93,121.78,120.16,121.78,121.78,128.72,131.89,131.64,131.35,130.56,121.78,119.94,119.94,119.68,118.7,126.56,111.18,131.89,103.1,119.2
2025/04/30,113.64,98.73,98.13,98.16,99.22,114.36,116.47,137.84,135.99,139.52,157.28,139.5,139.47,139.5,139.5,146.97,139.38,139.31,138.34,138.34,133.79,129.1,138.34,139.29,157.28,98.13,130.14
2025/04/29,115.55,98.46,98.25,97.5,98.46,113.97,116.29,139.34,136.68,139.36,161.24,147.13,136.12,137.08,139.33,139.33,139.33,136.48,115.8,117.31,115.8,115.8,115.8,115.8,161.24,97.5,124.4
2025/04/28,93.69,84.24,84.24,84.24,84.24,88.67,99.71,115.81,138.34,136.65,139.28,145.51,136.09,136.63,136.93,157.47,137.21,135.92,116.75,116.75,116.29,99.96,100,100.05,157.47,84.24,116.98
2025/04/27,99.56,85.05,92.94,84.91,92.84,99.3,99.67,96.39,100.03,99.88,100.27,99.88,99.6,100.21,100.21,100.27,99.55,99.77,100.34,100.4,100.4,100.46,100.52,100.52,100.52,84.91,98.05
2025/04/26,111.73,98.42,93.43,93.43,110.81,114.9,115.84,111.16,111.3,111.58,115.44,115.23,112.51,112.51,115.84,117.13,112.11,116.35,115.84,115.84,115.84,115.84,115.84,115.84,117.13,93.43,111.85
2025/04/25,99.19,97.85,97.94,95.19,99.18,115.71,116.88,115.72,137.87,137.86,139.26,138.34,137.86,137.86,137.86,137.86,137.86,138.07,134.98,135,134.41,133.04,133.04,118.78,139.26,95.19,125.74
2025/04/24,114.15,98.53,97.52,97.52,98.92,115.55,132.89,132.88,137.63,137.3,139.28,154.69,137.3,139.28,138,139.28,137.3,145.98,146.86,146.96,135,132.89,118.64,118.17,154.69,97.52,129.54
2025/04/23,99.26,97.96,92.24,97.69,99.27,129.37,133.38,133.59,137.89,141.7,141.7,141.7,141.62,138.07,138.07,139.48,137.32,161.96,137.34,135.41,134.88,133.59,129.37,129.37,161.96,92.24,129.93
2025/04/22,113.74,84.96,84.96,84.96,84.96,94.7,98.42,116.93,137.92,145.44,148.05,148.05,138.96,148.65,166.11,166.11,141.09,141.09,141.1,137.54,137.91,137.93,137.42,120.67,166.11,84.96,129.93
2025/04/21,102.86,92.94,92.94,92.94,93.24,115.22,116.68,117.69,137.69,137.3,157.6,138.15,137.09,137.09,137.09,139.33,137.09,137.09,137.39,137.39,136.83,134.4,117.83,117.83,157.6,92.94,126.13
2025/04/20,99.84,99.47,84.9,92.38,99.49,100.2,100.2,99.61,81.09,99.82,113.38,99.82,0,99.64,99.7,99.95,99.91,99.6,100.15,111.91,111.91,111.91,111.91,111.87,113.38,0,98.29
2025/04/19,98.95,98.95,98.36,98.27,98.36,98.36,113.41,112.74,112.8,97.93,98.36,98.07,98.02,100.43,113.79,100.49,99.44,99.92,100.58,100.64,100.64,100.7,100.7,100.7,113.79,97.93,101.68
2025/04/18,112.96,98.75,111.76,111.76,115.76,116.2,116.2,139.34,142.17,142.17,183.32,154.69,137.27,137.27,137.27,137.27,137.27,137.6,135.76,137.2,135.21,132.72,118.17,118.37,183.32,98.75,131.13
2025/04/17,115.1,99.25,98.73,98.35,98.93,113.06,116.2,135.06,142.18,142.33,142.33,142.32,142.01,139.35,139.33,154.08,137.87,137.67,137.03,136.95,137.45,136.12,137.18,132.58,154.08,98.35,130.26
2025/04/16,146.1,116,100.15,109.05,116.19,136.03,136.46,138.06,138.46,159.97,162.07,144.57,138.39,144.53,144.5,161.65,138.42,138.36,138.29,138.29,138.22,138.07,138.07,137.79,162.07,100.15,137.75
2025/04/15,117.35,116.19,108.84,108.68,109.21,134.66,135.09,135.17,139.34,137.29,139.35,137.28,136.98,137.13,137.24,137.28,137.28,137.13,137.29,155.4,155.4,153.15,153.14,152.58,155.4,108.68,136
2025/04/14,93.31,83.85,83.85,83.85,83.85,103.49,98.12,117.01,159.72,154.18,159.72,152.9,139.14,152.9,161.86,154.34,148.21,148.21,148.26,148.24,137.99,137.94,137.91,137.91,161.86,83.85,133.77
2025/04/13,114.77,98.16,84.98,86.61,99.42,117.07,117.07,115.61,98.4,98.65,99.54,99.01,99.04,99.09,98.72,99.4,99.21,99.4,118.63,118.63,118.63,118.63,118.63,116.17,118.63,84.98,106.36
2025/04/12,129.4,98.55,93.69,92.25,92.58,98.55,98.9,99.23,99.26,111.23,139.87,139.86,139.86,139.87,139.86,156.66,134.49,129.4,129.4,129.4,129.4,129.4,129.4,129.4,156.66,92.25,121.66
2025/04/11,115.35,99.11,98.29,98.32,99.12,115.67,138.96,139.09,139.89,140.03,144.65,139.5,133.39,133.38,133.38,139.33,133.39,140.38,141.28,141.5,140.93,133.41,133.41,127.64,144.65,98.29,129.53
2025/04/10,114.2,98.67,96.68,96.68,98.51,110.65,135.3,139,150.81,154.15,154.6,142.98,142.98,148.79,139.45,139.15,137.02,137.06,137.07,137.07,136.98,135.96,135.73,118.81,154.6,96.68,131.79
2025/04/09,154.2,115.55,98.92,98.64,109.17,135.68,139.56,139.55,139.84,139.83,153.94,139.82,139.82,139.82,139.82,139.81,139.55,139.71,139.83,139.83,139.84,139.55,139.55,139.55,154.2,98.64,135.54
2025/04/08,154.2,115.14,98.22,98.19,109.24,140.86,141.41,141.47,142.91,142.05,141.49,136.56,136.48,136.54,136.5,136.56,136.48,136.56,140.38,153.12,153.04,140.19,139.97,140.54,154.2,98.19,135.99
2025/04/07,111.09,97.78,86.53,86.53,87.34,93.64,116.46,125.73,140.96,143.9,143.19,137.66,135.63,139.33,135.64,139.33,135.61,135.64,135.64,156.47,138.82,135.64,135.64,141.58,156.47,86.53,128.14
2025/04/06,101.18,99.36,85.99,88.94,113.27,132.88,142.94,141.42,101.07,101.51,116.12,101.12,0,6.87,116.87,96.04,99.36,114.63,120.82,120.94,121.03,121.11,121.16,121.24,142.94,0,106.45
2025/04/05,121.88,98.65,97.55,89.49,93.23,98.65,98.65,98.65,99.2,115.27,139.89,141.08,139.83,139.91,116.15,116.71,100.52,99.11,99.15,100,100,99.28,99.18,99.28,141.08,89.49,108.39
2025/04/04,154.2,105.88,98.33,98.33,108.54,136.56,138.29,137,137.82,137.25,140.17,145.55,137.42,145.4,140.17,137.9,136.51,136.98,137.9,138.41,137.52,137.31,137,138.41,154.2,98.33,133.65
2025/04/03,125.73,123.02,98.47,98.33,98.96,123.66,138.34,138.34,144.15,153.64,155.2,146.85,141.12,141.1,141.1,154.88,140.05,139.87,139.88,139.88,139.88,137.58,138.34,138.34,155.2,98.33,135.42
2025/04/02,104.85,95.52,94.67,95.09,95.07,98.57,117.13,139.33,135,135.07,136.76,139.35,136.17,136.8,136.81,139.37,136.83,133.06,133.17,133.18,118.48,116.94,116.46,116.46,139.37,94.67,123.12
2025/04/01,99.41,98.52,97.55,97.74,98.79,122.85,128.35,136.04,143.52,143.77,145.19,143.53,137.21,139.35,137.21,156.03,137.21,137.92,136.01,136.02,136.02,126.13,126.41,121.02,156.03,97.55,128.85
2025/03/31,113.89,96.51,87.25,85.98,87.25,89.13,113.8,128.59,138.69,132.46,132.46,132.46,128.83,132.46,132.46,128.84,128.84,128.53,128.65,126.89,125.67,123.02,123.02,115.49,138.69,85.98,120.5
2025/03/30,132.58,116.49,100.08,100.08,123.9,133.33,134.73,132.56,97.06,100.08,100.21,100.22,100.17,103.29,97.35,98.17,96.54,122.8,133.33,133.33,133.33,133.33,133.33,133.33,134.73,96.54,118
2025/03/29,134.22,132.24,129.77,123.15,129.87,134.48,134.42,126.37,123.05,103.28,133.4,133.4,128.99,130.32,111.26,99.91,99.91,111.64,124.34,133.55,133.1,133.1,133.1,133.1,134.48,99.91,125.86
2025/03/28,122.71,103.48,96.65,99.04,103.48,124.12,124.37,132.89,130.68,139.92,133.44,128.62,124.84,126.17,126.17,140.06,126.17,127.43,134.93,135.75,132.67,130.47,132.07,132.67,140.06,96.65,125.83
2025/03/27,112.54,96.79,96.58,96.58,96.58,96.76,97.49,113.8,117.53,160.78,160.78,134.55,124.9,134.48,134.33,134.88,134.72,130.4,128.87,132.89,113.8,113.38,113.8,104.43,160.78,96.58,121.33
2025/03/26,107.71,88.89,88.89,88.89,97.33,113.8,114.91,118.16,139.09,114.84,126.41,126.38,126.38,126.38,126.38,126.38,126.38,126.38,140.8,140.8,126.41,126.41,126.41,126.41,140.8,88.89,120.25
2025/03/25,107.37,96.67,96.49,85.4,96.39,97.29,103.48,103.48,124.12,130.21,132.46,133.46,128.59,130.21,130.21,130.21,130.2,124.12,124.12,113.8,113.38,111.73,108.51,108.36,133.46,85.4,115.58
2025/03/24,113.8,96.53,84.4,84.4,96.71,96.86,100.41,123.44,113.8,130.14,124.12,108.65,103.48,105.51,103.48,107.35,113.8,120.33,152.69,133.42,121.88,110.5,113.8,109.15,152.69,84.4,112.38
2025/03/23,124.29,115.03,113.6,111.97,113.6,137.26,145.87,143.72,99.94,99.82,101.92,100.06,97.7,97.7,97.7,103.29,101.14,114.2,123.9,135.32,135.32,135.32,135.33,135.3,145.87,97.7,119.29
2025/03/22,132.94,123.89,123.89,112.5,123.89,136.47,136.54,124.35,113.58,113.83,132.94,113.22,103.28,103.28,100.06,100.03,97.09,115.94,134.42,134.43,134.43,134.44,134.44,134.45,136.54,97.09,122.53
2025/03/21,114.15,97.31,96.22,89.43,96.9,103.48,124.12,128.38,131.96,131.94,133.5,129.55,127.24,127.16,127.08,132.44,125.8,125.8,135.31,125.81,125.81,123.72,124.12,133.38,135.31,89.43,121.81
2025/03/20,112.45,100.47,97.02,96.99,97.02,111.15,127.79,128.63,136.22,136.12,147.87,137.89,132.34,132.34,132.11,130.22,130.22,129.64,129.64,130.21,126.57,126.65,126.73,130.21,147.87,96.99,124.94
2025/03/19,112.26,98.04,96.43,91.44,96.57,106.29,113.12,113.16,136.72,137.08,157.94,130.22,128.9,128.9,128.71,128.89,130.22,128.71,131.28,131.28,131.02,128.42,128.27,128.26,157.94,91.44,123.22
2025/03/18,136.98,98.63,89.33,87.31,88.66,96.86,110.34,120.49,143.45,152.85,132.64,128.13,125.33,125.33,125.33,125.33,137.15,137.05,137.42,137.42,137.42,137.06,137.06,118.56,152.85,87.31,124.82
2025/03/17,95.74,83.24,83.24,83.24,83.24,83.24,87.44,110.79,136.49,136.49,129.51,127.56,127.56,127.85,127.44,122.98,122.9,114,114.35,113.23,111.08,110.79,110.79,110.79,136.49,83.24,112.12
2025/03/16,97.15,83.61,82.45,82.45,82.45,82.45,85.12,85.12,82.45,82.45,95.61,99.89,99.76,111.54,99.05,95.61,86.55,97.15,98.41,98.41,98.41,98.41,98.41,98.41,111.54,82.45,92.84
2025/03/15,131.75,98.13,97.37,97.03,97.03,98.22,98.22,98.26,97.03,107.97,97.87,97.65,6.83,79.16,67.12,78.74,86.47,97.59,98.54,98.54,98.54,98.54,98.54,98.54,131.75,6.83,93.62
2025/03/14,112.86,97.27,96.4,84.43,96.99,108.36,112.96,113.6,122.92,139.97,122.75,113.5,97.27,97.27,97.27,113.26,112.05,122.06,121.67,113.8,111.44,110.36,111.44,114,139.97,84.43,110.77
2025/03/13,91.37,85.12,82.92,82.59,83.85,89.99,109.57,111.44,116.83,116.81,116.79,115.06,97.84,97.84,97.84,111.44,106.95,111.74,111.85,111.85,111.74,111.74,111.74,111.74,116.83,82.59,104.73
2025/03/12,103.52,89.8,89.8,89.58,89.8,89.8,97.93,121.61,132.07,141.96,152.29,130.21,128.97,130.22,128.97,128.97,128.97,125.9,125.9,122.92,121.61,121.61,113.25,112.47,152.29,89.58,118.88
2025/03/11,96.02,87.23,84.7,83.44,84.7,87.23,96.44,113.6,130.22,137.56,130.21,130.21,126.84,130.22,130.22,130.22,137.54,137.28,136.59,136.52,111.36,95.89,95.89,95.94,137.56,83.44,114.57
2025/03/10,113.11,99.73,97.02,97.02,97.02,99.73,113.11,133.46,144.67,147.13,128.74,113.94,112.18,112.27,112.88,113.94,113.94,113.94,114.03,121.61,114.03,114.03,112.16,113.9,147.13,97.02,115.68
2025/03/09,154.76,97.6,89.37,97.6,113.96,143.08,114.74,96.67,78.49,77.77,0,0,0,0,0,79.29,95.61,122.91,146.46,143.36,141.31,145.65,141.31,145.77,154.76,0,99.71
2025/03/08,129.32,122.96,123.27,122.77,123.27,122.69,123.26,123.22,114.14,96.99,114.29,114.27,114.26,96.99,96.57,96.54,96.51,96.99,122.87,123.16,123,122.75,140.44,140.44,140.44,96.51,116.91
2025/03/07,94.02,85.51,85.51,85.51,85.51,88.92,96.9,109.57,121.7,130.22,130.22,130.21,111.96,130.22,130.21,130.22,130.22,113.95,113.22,113.23,111.38,110.68,110.79,97.84,130.22,85.51,111.02
2025/03/06,96.15,85.9,85.62,85.62,85.62,85.9,96.9,97.84,113.97,130.22,151.39,130.22,112.54,113.37,113.79,113.36,113.94,113.95,113.96,113.08,101.11,97.84,97.84,97.84,151.39,85.62,106.88
2025/03/05,96.24,85.51,85.51,85.51,85.51,85.51,96.9,113.06,129.05,147.99,149.57,131.87,128.98,131.55,131.28,127.29,122.44,121.47,121.61,122.26,134.16,113.65,111.89,112.42,149.57,85.51,116.93
2025/03/04,83.19,83.19,83.19,83.19,83.19,83.19,83.19,97.69,113.65,152.84,149.92,131.28,129.9,131.28,129.9,129.52,125.75,113.4,113.56,113.56,134.85,109.32,110.22,97.69,152.84,83.19,113.37
2025/03/03,81.32,79.49,79.49,79.49,79.49,79.49,81.76,83.21,95.61,113.26,113.26,114.75,114.75,114.75,114.75,114.75,114.18,114.29,114.07,112.98,98.41,97.48,95.61,94.07,114.75,79.49,100.32
2025/03/02,84.9,82.37,79.49,79.49,79.49,79.49,80.18,81.49,81.06,79.49,79.53,79.53,79.49,79.49,79.49,80.18,82.37,86.26,86.26,86.26,86.26,86.26,86.26,86.26,86.26,79.49,82.28
2025/03/01,95.61,86.26,84.33,81.71,81.71,81.91,84.33,84.08,95.6,99.33,112.34,99.33,99.33,99.33,99.33,99.33,98.4,95.86,95.91,95.95,95.92,86.26,95.61,86.26,112.34,81.71,93.14
2025/02/28,87.2,81.74,80.53,80.53,80.53,80.71,88.12,99.18,115.69,131.01,138.69,130.81,115.63,115.61,115.61,115.61,115.6,113.83,100.14,100.14,99.2,95.27,92.54,92.54,138.69,80.53,103.89
2025/02/27,97.37,88.86,88.86,88.86,88.86,98.32,99.28,113.61,118.96,118.94,118.91,117.09,100.23,102.15,102.32,112.76,112.76,113.15,113.34,113.4,107.64,107.64,107.64,107.64,118.96,88.86,106.34
2025/02/26,105.07,97.54,82.1,82.1,82.1,87.2,113.35,113.99,123.71,130.86,141.24,130.54,127.29,128.75,130.11,128.35,130.79,126.36,113.98,113.98,113.98,113.99,113.99,114.01,141.24,82.1,115.13
2025/02/25,100.23,85.02,83.6,82.77,83.6,85.02,107.9,107.9,130.79,130.79,150.78,142,128.4,128.32,128.32,128.32,144.44,130.78,114.94,114.94,113,109.59,109.59,109.59,150.78,82.77,115.62
2025/02/24,87.21,80.05,80.05,80.05,80.05,81.1,97.63,114.82,130.83,145.89,149.46,132.15,126.28,126.28,126.28,132.15,132.15,132.15,114.31,114.31,114.31,113.9,114.31,113.9,149.46,80.05,115.32
2025/02/23,104.96,86.42,86.39,84.98,85.83,86.43,98.4,97.34,81.85,79.67,98.31,72.76,72.76,6.21,72.76,72.76,79.67,96.13,104.96,104.96,98.27,104.96,103.97,104.96,104.96,6.21,88.24
2025/02/22,108.15,101.48,102.66,85.12,85.12,102.42,106.37,104.78,103.15,98.05,110.37,80.29,72.82,0,76.15,79.69,82.46,97.87,108.44,108.44,108.44,108.44,108.44,108.44,110.37,0,94.84
2025/02/21,107.9,97.98,102.32,84.33,101.64,101.91,107.07,132.8,138.87,140.85,155.34,140.38,132.73,132.81,132.54,132.81,132.81,132.81,132.56,126.31,113.91,113.67,113.9,113.9,155.34,84.33,122.57
2025/02/20,113.06,98.68,97.71,82.54,83.49,98.78,113.15,128.79,134.47,139.7,159.56,134.45,134.03,132.82,130.24,130.24,132.82,132.82,132.82,132.82,126.33,113.88,113.88,122.75,159.56,82.54,122.73
2025/02/19,107.9,101.77,98.38,97.93,98.42,102.35,113.2,128.69,137.5,142.09,157.35,138.32,133.08,132.79,132.57,131,140.97,132.55,130.74,130.78,129.84,124.91,128,128.37,157.35,97.93,126.04
2025/02/18,122.64,102.15,98.46,98.46,98.46,99.51,113.01,128.93,143.78,149.48,145.96,142.19,131.05,131.05,131.05,131.05,131.05,131.05,130.78,129.98,129.9,125.25,125.25,113.94,149.48,98.46,125.42
2025/02/17,123.89,98.61,97.86,80.89,98.06,98.22,102.01,132.8,132.5,145.9,151.99,132.56,130.94,131.73,131.11,132.15,132.15,132.15,130.06,130.79,130.79,132.48,132.45,113.87,151.99,80.89,124.6
2025/02/16,99.53,98.59,97.91,81.8,81.8,96.48,97.91,102.94,103.75,103.5,103.74,103.74,103.74,103.74,105.3,105.35,103.67,105.39,133.17,105.55,103.76,103.76,103.41,99.98,133.17,81.8,102.25
2025/02/15,122.15,101.69,99.22,99.09,99.22,101.8,102.54,115.65,116.85,141.55,150.58,148.17,132.52,132.5,132.51,123.96,123.96,102.92,115.97,114.96,107.61,102.76,102.78,132.48,150.58,99.09,117.71
2025/02/14,108.13,98.48,98.07,82.54,97.73,102.15,104.03,132.78,132.79,146.68,143.92,132.57,131.3,132.8,131.99,131.99,132.57,133.42,126.81,126.24,114.49,113.09,112.88,103.85,146.68,82.54,120.69
2025/02/13,112.57,101.6,101.61,98.25,101.6,111.24,112.61,132.81,136.01,136,146.77,139.35,131.12,132.15,132.15,131.37,140.03,131.12,132.23,132.23,130.15,125.75,122.78,114.04,146.77,98.25,125.27
2025/02/12,103.44,97.28,93.04,81.32,92.42,93.39,109.51,123.61,132.59,143.84,154.15,144,142.98,143.44,143.44,143.44,132.8,134.13,134.98,130.21,130.14,132.49,125.7,123.89,154.15,81.32,126.6
2025/02/11,103.12,101,100.23,83.22,84.06,98.32,107.51,134.24,138.75,150.33,144.44,145.55,131.36,131.37,132.15,131.37,132.15,132.15,132.15,132.15,132.15,113.98,113.98,113.98,150.33,83.22,122.95
2025/02/10,105.62,81,80.92,80.73,80.85,81,88.04,108.96,142.19,154.52,157.07,152,130.3,132.55,130.3,130.3,141.24,132.79,131.3,130,125.85,113.9,132.55,113.9,157.07,80.73,121.71
2025/02/09,103.41,99.27,99.08,82.99,82.99,98.46,99.15,102.61,103.48,103.74,106.34,103.74,104.56,103.74,103.64,102.95,103.74,106.23,111.85,108.84,103.48,103.48,103.48,103.48,111.85,82.99,101.95
2025/02/08,113.07,112.79,99.34,98.79,98.67,101.6,112.3,113.49,115.53,132.78,134.8,134.8,127.28,127.28,115.54,115.54,124.41,115.55,142.05,132.49,128.31,114.24,113.56,114.88,142.05,98.67,118.5
2025/02/07,112.43,101.97,98.56,98.14,98.13,98.55,111.77,113.73,136.65,159.17,149.17,142.6,131.72,136.2,136.43,151.02,136.65,136.65,134.8,131.51,130.1,129.66,129.78,128.8,159.17,98.13,127.86
2025/02/06,105.98,97.98,97.72,84.44,95.69,98.29,105.34,114.59,141.12,154.52,153.3,134.44,131.17,133.22,139.76,132.8,142.19,133.51,134,126.08,131.93,112.51,102.23,107.9,154.52,84.44,122.95
2025/02/05,106.94,96.77,84.44,84.44,84.44,98.11,109.77,111.86,139.87,148.18,150.83,138.84,132.35,133.91,133.58,142,133.58,132.24,132.24,127.04,131.1,112.43,105.93,105.7,150.83,84.44,121.72
2025/02/04,105.07,102.15,84.44,84.44,84.44,102.15,99.28,129.79,134.8,236.55,159.36,133.78,130.6,133.52,133.77,141.76,134.09,134.15,134.57,134.57,134.8,130.01,130.02,113.79,236.55,84.44,129.28
2025/02/03,102.15,80.55,80.55,80.55,80.55,80.55,86.78,109.48,142.19,157.57,151.41,133.91,133.05,133.58,131.32,132.92,132.92,132.92,133.91,133.91,114.52,102.78,99.72,99.16,157.57,80.55,118.04
2025/02/02,96.38,82.91,82,81.27,81.27,81.4,82.94,82.94,95.27,98.13,100.7,100.74,100.59,100.74,106.29,106.3,105.9,106.21,105.96,100.74,100.74,99.79,98.13,97.32,106.3,81.27,95.84
2025/02/01,103.21,98.71,82.77,82.77,82.77,82.77,84.47,84.47,99.51,105.95,132.56,151.16,113.57,110.31,104.88,104.97,105.01,103.66,103.6,103.41,103.23,100.17,99.92,100.37,151.16,82.77,102.27
2025/01/31,115.34,81.96,81.79,81.06,81.13,81.96,101.63,108.27,151.51,164.38,155.33,150.48,136.63,138.88,136.63,136.63,136.36,133.09,133.17,132.45,138.58,114.6,116.3,107.33,164.38,81.06,123.8
2025/01/30,97.63,85.81,81.14,79.87,79.87,97.63,97.63,97.63,97.63,107.7,109.31,109.28,109.39,103.7,98.47,76.68,98.42,104.3,104.62,104.62,104.62,104.62,104.44,104.46,109.39,76.68,98.51
2025/01/29,95.74,77.88,77.07,77.07,77.07,77.07,80.07,80.07,77.49,76.68,70.92,70.92,6.69,70.92,70.92,70.92,76.68,96.71,97.63,97.63,97.63,97.63,97.63,97.63,97.63,6.69,81.06
2025/01/28,96.06,82.26,80.92,80.92,80.92,81.77,83.35,83.35,80.33,79.87,78.51,78.51,78.51,78.51,78.51,79.87,80.33,80.33,88.53,88.53,88.53,88.53,88.53,88.53,96.06,78.51,83.28
2025/01/27,96.72,85.16,80.92,80.92,80.92,100.11,104.21,108.26,118.3,139.36,142.98,154.93,141.33,134.23,133.68,132.51,132.51,133.24,139.35,132.52,118.3,121.62,114.25,104.6,154.93,80.92,118.67
2025/01/26,118.27,86.29,82.74,80.92,80.92,81.1,83.08,98.48,106.56,117.72,147.05,139.37,118.64,120.92,120.95,117.62,117.62,117.45,117.73,117.72,116.4,116.3,117.07,115.88,147.05,80.92,109.97
2025/01/25,128.85,100.77,107.38,101.33,99.39,101.37,117.4,116.26,118.79,135.88,151.24,146.35,128.48,116.6,116.05,115.78,120.95,138.61,138.62,138.62,117.84,117.49,116.97,116.47,151.24,99.39,121.13
2025/01/24,118.47,107.85,102.41,101.78,101.95,102.31,108.61,129.7,138.86,156.44,153.54,142.93,137.04,137.04,138.58,137.04,138.87,136.74,139.43,132.84,118.77,108.61,118.47,132.76,156.44,101.78,127.78
2025/01/23,108.39,101.62,101.62,83.71,101.44,101.86,106.57,129.7,141.34,151.45,143.52,143.25,136.55,144.22,138.59,136.77,138.88,136.77,136.76,136.77,136.77,118.47,118.47,114.83,151.45,83.71,126.56
2025/01/22,110.11,102.03,101.71,101.84,102.03,106.56,107.39,138.88,144.95,156.44,155.89,148.76,138.69,138.77,138.77,145.89,138.77,137.09,136.82,138.98,138.59,121.72,115.48,114.68,156.44,101.71,129.85
2025/01/21,107.71,102.01,102.01,101.75,101.93,102.33,113.13,129.58,145.23,166.26,152.35,146.53,136.7,137.42,137.42,137.72,138.58,138.62,136.71,136.72,136.44,131.72,129.07,129.58,166.26,101.75,130.53
2025/01/20,117.61,80.3,80.3,80.3,80.3,95.31,101.84,116.05,138.59,153.41,165.68,164.5,138.62,138.62,138.62,138.59,138.62,138.59,136.63,136.56,132.06,138.57,117.41,116.84,165.68,80.3,127.33
2025/01/19,103.36,102.52,102.55,102.14,96.06,84,102.38,103.35,108.18,109.15,109.09,108.99,133.53,106.71,108.94,108.99,109.04,118.06,139.27,119.11,113.44,107.74,108.38,108.4,139.27,84,109.09
2025/01/18,107.96,106.03,102.25,102.47,102.11,102.75,107.33,107.74,117.54,138.53,118.72,118.4,117.24,117.18,117.63,117.18,117.66,117.54,118.45,118.12,116.45,107.63,107.63,107.96,138.53,102.11,112.95
2025/01/17,108.26,115.79,102,101.75,102,106.5,111.06,138.88,142.97,158.68,143.17,145.73,136.23,136.23,138.88,138.88,145.73,145.99,138.57,136.15,133.56,129.2,115.62,114.61,158.68,101.75,129.79
2025/01/16,108.07,106.76,106.34,101.97,106.76,102.05,105.25,136.78,144.48,157.34,156.67,148.76,139.15,139.28,139.28,139.28,139.29,138.58,138.38,138.98,138.57,136.78,114.49,114.7,157.34,101.97,130.51
2025/01/15,128.59,106.11,102,101.52,101.58,101.97,102.14,131.65,141.81,148.19,142.18,142.18,136.98,137.29,138.86,138.59,156.35,138.73,137.18,137.01,136.24,121.82,118.14,121.32,156.35,101.52,129.35
2025/01/14,108.13,104.61,101.75,101.79,101.7,101.79,107.34,136.77,146.51,154.09,147.33,146.13,138.8,139.21,139.21,139.21,139.22,139.22,136.79,136.51,136.77,136.77,136.77,114.59,154.09,101.7,130.31
2025/01/13,110.94,102.02,101.76,97.74,97.74,97.74,113.34,114.47,138.59,165.24,152.63,156.44,138.26,138.58,138.58,138.58,152.65,138.58,138.57,138.59,138.57,136.77,138.49,114.88,165.24,97.74,131.27
2025/01/12,111.15,111.8,111.82,97.63,98.55,102.64,103,103.19,111.74,117.03,118.12,118.07,117.91,117.29,117.36,116.96,116.74,118.07,118.12,118.12,116.06,108.64,111.74,107.81,118.12,97.63,112.14
2025/01/11,114.96,106.45,102.74,102.74,102.74,106.12,106.52,117.4,118.75,136.42,136.41,138.53,136.38,136.38,136.37,134.11,134.11,131.93,132.87,132.87,131.18,116.1,116.56,115.23,138.53,102.74,122.72
2025/01/10,124.44,112.6,106.2,101.97,101.97,112.52,117.05,138.02,147.83,163.15,147.2,147.33,140.19,140.26,144,140.85,156.37,139.21,139.21,139.21,139.21,132.81,133.06,138.49,163.15,101.97,134.73
2025/01/09,108.07,109.23,101.97,101.97,101.97,106.76,107.55,118.54,144,161.72,147.95,147.07,139.15,143.38,143.63,148.66,144.05,146.14,138.36,138.59,136.6,136.53,134.24,134.24,161.72,101.97,132.78
2025/01/08,85.04,81.97,81.97,81.97,81.97,81.97,83.37,112.78,140.44,161.72,159.39,133.25,133.25,133.13,133.25,160.86,136.76,133.33,133.42,134.61,126.52,116.06,120.82,121,161.72,81.97,122.01
2025/01/07,96.87,82.03,82.03,82.03,82.03,82.03,87.46,114.52,127.47,156.92,146.26,146.26,132.67,132.67,138.58,136.77,128.39,124.33,125.58,125.58,103.32,102.35,97.74,97.74,156.92,82.03,115.69
2025/01/06,77.42,76.17,76.17,75.75,76.17,76.17,78.81,97.66,128.09,136.72,128.4,128.09,127.47,127.47,122.7,126.84,126.84,126.84,128.32,124.77,103.32,102.35,97.52,100.11,136.72,75.75,109.44
2025/01/05,86.97,78.2,77.07,77.07,77.07,77.07,77.51,77.51,79.21,80.05,83.22,83.16,83.16,83.59,83.59,88.85,87.71,88.96,88.96,88.96,88.96,88.39,88.39,88.96,88.96,77.07,83.66
2025/01/04,97.77,81.76,81.12,81.12,81.12,81.12,97.37,98.47,98.78,119.65,119.65,98.16,0,0,97.98,97.94,97.94,98.78,98.68,98.07,98.78,98.78,97.37,97.69,119.65,0,89.28
2025/01/03,84.69,81.32,81.06,81.06,81.06,81.06,87.47,115.29,138.49,166.56,155.47,146,134.16,134.04,133.95,133.95,132.19,128.32,128.32,128.32,103.38,102.21,88.96,88.96,166.56,81.06,116.2
2025/01/02,84.81,80.83,80.83,80.83,80.83,80.83,87.52,97.7,128.32,151.16,157.97,134.12,133.99,133.91,133.78,138.86,133.91,133.99,128.32,115.58,113.77,103.23,102.26,96.87,157.97,80.83,115.76
2025/01/01,81.99,78.61,78.61,78.61,78.61,78.61,79.74,79.74,77.32,76,71.2,71.2,0,6.85,71.2,71.33,84.92,96.78,96.78,97,97.02,97.63,97.63,97.08,97.63,0,78.68
